spirit_name,spirit_price,spirit_stock,spirit_category,Img,Date
Jack Daniels Old No.7 Tennessee Whiskey 1 Litre,268,12,bourbon,https://cellarmasterwines.com/cdn/shop/products/jack-daniels-1-litro_533x.jpg?v=1609249745,2024-08-18
Jim Beam White 1 Litre,168,1,bourbon,https://cellarmasterwines.com/cdn/shop/products/beam_533x.jpg?v=1664160974,2024-08-18
Conciere Bourbon 1L,148,999,bourbon,https://cellarmasterwines.com/cdn/shop/files/Conciere_Bourbon_533x.png?v=1722914940,2024-08-18
Stateless Banana Kentucky Whiskey 700ml,199,999,bourbon,https://cellarmasterwines.com/cdn/shop/files/Stateless-Whisky-Banana-Flavoured-Original-Recipe-Made-In-USA-70cl-768x768_533x.webp?v=1722914046,2024-08-18
Hennessy VSOP Cognac 700ml,528,999,cognac,https://cellarmasterwines.com/cdn/shop/products/vsop_533x.jpg?v=1505126970,2024-08-18
Hennessy X.O. Cognac Gift Boxed 700ml,1688,999,cognac,https://cellarmasterwines.com/cdn/shop/files/4111D1D2-A780-4D0B-8735-95008ED24D58_533x.jpg?v=1705994772,2024-08-18
Hennessy X.O. Odyssey Cognac Gift Boxed 700ml,1998,1,cognac,https://cellarmasterwines.com/cdn/shop/files/88406394-A47B-4C37-8CC7-BB9D2DFDD875_533x.jpg?v=1695191245,2024-08-18
Hennessy Paradis Rare Cognac Gift Boxed 700ml,7888,999,cognac,https://cellarmasterwines.com/cdn/shop/files/C452B0C1-7DFA-4FDF-88CA-4FE4E6E1E3E8_533x.jpg?v=1704630941,2024-08-18
Rémy Martin Louis XIII Grande Champagne Cognac - Gift Boxed 700ml,21888,999,cognac,https://cellarmasterwines.com/cdn/shop/files/IMG-2621_533x.jpg?v=1704630118,2024-08-18
Bombay Sapphire London Dry Gin 1 Litre,155,27,gin,https://cellarmasterwines.com/cdn/shop/products/bombay-sapphire-gin-1l-gin-gdv-fine-winesr-171655_1024x1024_2x_dc7cea87-c069-41ad-8fc4-78b11d1a9598_533x.jpg?v=1609248472,2024-08-18
Four Pillars Bloody Shiraz Gin 700ml,588,10,gin,https://cellarmasterwines.com/cdn/shop/products/Fourpillarsbloody_shiraz_gin_700ml_2019_771x1000_f56c9118-60d4-4daf-a792-16855f48e6df_533x.png?v=1636374811,2024-08-18
Four Pillars Navy Strength Gin 700ml,588,4,gin,https://cellarmasterwines.com/cdn/shop/products/Four-Pillars-Navy-Strength-Gin_600x_ee99f7f0-a6b6-4154-8844-3545fd6a47cd_533x.jpg?v=1636375538,2024-08-18
Four Pillars Olive Gin 700ml,528,3,gin,https://cellarmasterwines.com/cdn/shop/products/fourpillars_olive-leaf-gin_700x700_1_771x1000_d7b8c141-891f-4d0d-ac2f-eea9286ccd84_533x.png?v=1636374672,2024-08-18
Four Pillars Rare Dry Gin 700ml,458,2,gin,https://cellarmasterwines.com/cdn/shop/products/FOurPillarsgin_533x.png?v=1636373131,2024-08-18
Four Pillars Spiced Negroni Gin 700ml,528,3,gin,https://cellarmasterwines.com/cdn/shop/products/FOurpillarsspiced_negroni_gin_1_800x_e8274d63-84e6-478d-9c65-efe0956e46e8_533x.png?v=1636374372,2024-08-18
Four Pillars Yuzu Gin 700ml,499,8,gin,https://cellarmasterwines.com/cdn/shop/products/FPG_FYG_Bottle_HR_533x.jpg?v=1669866035,2024-08-18
Gordon's London Dry Gin 750ml,120,2,gin,https://cellarmasterwines.com/cdn/shop/products/GINGORDON_S_480x_acbd16c7-8588-4e1e-8783-f55b9f5598b8_533x.webp?v=1650857095,2024-08-18
Gordons London Dry Gin 1000ml,138,4,gin,https://cellarmasterwines.com/cdn/shop/products/Gordon_sDryGin1000ml_533x.jpg?v=1655103096,2024-08-18
Hendricks Gin 1 Litre,428,1,gin,https://cellarmasterwines.com/cdn/shop/products/image_d6e97fc5-fa93-415d-9342-18e603833ddf_533x.jpg?v=1661850323,2024-08-18
Hendricks Gin 700ml,328,999,gin,https://cellarmasterwines.com/cdn/shop/products/hendricks700ml_54f28b1c-9c2c-44fc-a97a-78cb1cd496ee_533x.jpg?v=1628569508,2024-08-18
Langley's London Dry Gin 700ml,288,4,gin,https://cellarmasterwines.com/cdn/shop/products/Langleys_LDN_533x.png?v=1670567644,2024-08-18
Langley's Old Tom Gin 700ml,298,11,gin,https://cellarmasterwines.com/cdn/shop/products/oldtom_533x.jpg?v=1644910863,2024-08-18
Monkey 47 Schwarzwald Dry Gin 500ml,399,1,gin,https://cellarmasterwines.com/cdn/shop/products/Monkey47Gin500ml_480x_bcb78b4a-f1e4-425c-84b5-fa432481da2d_533x.webp?v=1650945896,2024-08-18
Roku Gin 700ml,299,27,gin,https://cellarmasterwines.com/cdn/shop/products/roku_700x700_771x1000_406e6d30-d45d-4372-9dad-b5188c692e50_533x.png?v=1639467239,2024-08-18
Tanqueray London Dry Gin 1 Litre,228,6,gin,https://cellarmasterwines.com/cdn/shop/products/image_5dd40b6c-054a-4015-94ba-7a83297fa7b4_533x.jpg?v=1666269784,2024-08-18
Tanqueray London Dry Gin 750ml,199,6,gin,https://cellarmasterwines.com/cdn/shop/products/TanquerayGin1000ml_480x_569e3943-2d90-408b-aeb5-3bfd7efc07b8_533x.jpg?v=1657679928,2024-08-18
Tanqueray No. Ten Gin 700ml,399,2,gin,https://cellarmasterwines.com/cdn/shop/products/tanq10_533x.jpg?v=1650853806,2024-08-18
The Mixology Company Pre-Mixed Negroni Cocktail (200ml),69,6,gin,https://cellarmasterwines.com/cdn/shop/files/MixologyNegroni_533x.webp?v=1701831536,2024-08-18
Baileys Original Irish Cream 1 Litre,139,7,liqueurs,https://cellarmasterwines.com/cdn/shop/products/baileys_b578d73c-38c9-4d45-a03f-ffce03708124_533x.webp?v=1650890532,2024-08-18
Bottega 'Limoncino a Base di Grappa Limoni di Sicilia' Liqueur 500ml,118,5,liqueurs,https://cellarmasterwines.com/cdn/shop/products/LIMONCINO-BOTTEGA-CL50_WB_HR_750x_03ee1246-62f6-4d79-b9aa-1006284437d2_533x.jpg?v=1641540059,2024-08-18
Tequila Rose Strawberry Cream Liqueur 700ml,135,85,liqueurs,https://cellarmasterwines.com/cdn/shop/products/TequilaRose_533x.webp?v=1661965947,2024-08-18
Bottega Pistacchio Liqueur 500ml,118,7,liqueurs,https://cellarmasterwines.com/cdn/shop/products/botegapistaccio_533x.jpg?v=1655202834,2024-08-18
Kwai Feh Lychee Liqueur 700ml,135,2,liqueurs,https://cellarmasterwines.com/cdn/shop/products/lychee_533x.png?v=1626107165,2024-08-18
Cointreau 700ml,258,3,liqueurs,https://cellarmasterwines.com/cdn/shop/products/cointreau_533x.png?v=1665718477,2024-08-18
Martini Rosso Vermouth 1 Litre,88,2,liqueurs,https://cellarmasterwines.com/cdn/shop/products/MartiniL_aperitivoRosso750ml_1024x1024_9c34d7e4-ebb4-4f85-b126-995d86998de0_533x.jpg?v=1627616472,2024-08-18
Appleton Estate 21 Year Old Jamaican Rum,2398,1,rum,https://cellarmasterwines.com/cdn/shop/products/appleton-estate-21-year-old-rum_533x.jpg?v=1620964976,2024-08-18
Bacardi Carta Blanca White Rum 1 Litre,158,4,rum,https://cellarmasterwines.com/cdn/shop/products/bacardi1L_3298d419-c8e1-477f-a259-7644b9aad4f1_533x.jpg?v=1609249092,2024-08-18
Captain Morgan Spiced Gold Rum 1L,188,36,rum,https://cellarmasterwines.com/cdn/shop/files/817i-GS0xYL_533x.jpg?v=1708324127,2024-08-18
Conciere Gold Rum 1L,98,999,rum,https://cellarmasterwines.com/cdn/shop/files/Conciere_GoldRum_533x.png?v=1722916275,2024-08-18
Don Papa 7 Year Old Small Batch Rum,369,8,rum,https://cellarmasterwines.com/cdn/shop/products/DonPapaRum_533x.png?v=1599679774,2024-08-18
Flor De Cana 12 YO Rum 700ml,398,999,rum,https://cellarmasterwines.com/cdn/shop/products/FlordeCana_533x.jpg?v=1670575492,2024-08-18
Myers Rum Original Dark 1L,188,17,rum,https://cellarmasterwines.com/cdn/shop/files/image_ee02f4bb-f495-4fdb-ae77-bd62c0936b51_533x.jpg?v=1708325418,2024-08-18
Dan Yamahai Junmai Ginjo Bizen Omachi 旦 山廃純米吟醸 備前雄町 720ml,238,999,sake,https://cellarmasterwines.com/cdn/shop/products/dan_yamahai-junmaig_injo_800x_04586dc9-49fe-4ac3-8868-527253064e88_533x.webp?v=1662628614,2024-08-18
Heavensake Junmai 12 720ml,348,999,sake,https://cellarmasterwines.com/cdn/shop/files/0527_HEAVENSAKE1_533x.jpg?v=1683536499,2024-08-18
Heavensake Junmai Daiginjo Black Label 720ml,888,2,sake,https://cellarmasterwines.com/cdn/shop/files/0527_HEAVENSAKE_533x.jpg?v=1683538311,2024-08-18
Heavensake Junmai Daiginjo Orange Label 720ml,598,999,sake,https://cellarmasterwines.com/cdn/shop/files/0527_HEAVENSAKE3_533x.jpg?v=1683537403,2024-08-18
Heavensake Junmai Ginjo 720ml,468,1,sake,https://cellarmasterwines.com/cdn/shop/files/0527_HEAVENSAKE2_533x.jpg?v=1683536984,2024-08-18
Kamoshibito Kuheiji Kurodasho - 720ml,498,999,sake,https://cellarmasterwines.com/cdn/shop/files/original_7732081a-e898-43e6-94eb-ed70aeed3376_533x.webp?v=1704941165,2024-08-18
Kikusaki Junmai Daiginjo Sake 菊咲純米大吟醸 720ml,238,1,sake,https://cellarmasterwines.com/cdn/shop/products/S156KIK042-KIKUSAKI_Junmai_Daiginjo_3_400x_0fa7b14a-dd34-4c63-92ee-56b6a9135b16_533x.png?v=1662629436,2024-08-18
Kikusaki Tokusen Purple 菊咲特撰紫 720ml,110,3,sake,https://cellarmasterwines.com/cdn/shop/products/purplesake_533x.jpg?v=1662629128,2024-08-18
Modern Senkin Muku モダン仙禽 無垢 720ml,218,1,sake,https://cellarmasterwines.com/cdn/shop/products/A113SEN022-Modern_Senkin_Junmai_Daiginjo_Omachi_3_400x_0221d70a-b9b8-49ad-8a8b-354f0c8b9a96_533x.png?v=1662629765,2024-08-18
Nabeshima Harvest Moon - 720ml,448,999,sake,https://cellarmasterwines.com/cdn/shop/files/Screenshot2024-01-11at10.26.01AM_533x.png?v=1704940085,2024-08-18
Nabeshima Junmai Ginjo Yamadanishiki - 720ml,398,999,sake,https://cellarmasterwines.com/cdn/shop/files/Screenshot2024-01-11at11.23.16AM_533x.png?v=1704943534,2024-08-18
Nabeshima Tokubetsu Junmai - 720ml,328,1,sake,https://cellarmasterwines.com/cdn/shop/files/Screenshot2024-01-10at4.50.22PM_533x.png?v=1704876691,2024-08-18
Nabeshima Tokubetsu Junmaishu Classic - 720ml,358,999,sake,https://cellarmasterwines.com/cdn/shop/files/Screenshot2024-01-11at10.58.24AM_533x.png?v=1704941945,2024-08-18
Sawahime Ginjo - 720ml,448,999,sake,https://cellarmasterwines.com/cdn/shop/files/Screenshot2024-01-11at10.07.21AM_533x.png?v=1704938907,2024-08-18
Shichiken Biroadnoaji Junmai Ginjo 七賢天鷲絨の味 純米吟醸 720ml,188,2,sake,https://cellarmasterwines.com/cdn/shop/products/shichiken_biroadoaji_junmai_ginjo__720ml_800x_977bc027-2a2d-4642-9be1-86a0dcbbf7c9_533x.webp?v=1662626246,2024-08-18
Shichiken Kinunoaji Junmai Daiginjo 七賢絹の味 純米大吟醸 720ml,198,2,sake,https://cellarmasterwines.com/cdn/shop/products/ShichikenKinunoaji_533x.jpg?v=1662625928,2024-08-18
Shichiken Yama-no-kasumi Cloudy Sparkling Sake 七賢山ノ霞スパークリング 720ml,239,3,sake,https://cellarmasterwines.com/cdn/shop/products/shichiken_yama-no-kasumi_sparkling_nigori___720ml_1800x1800_64a95c4d-f987-4bba-b17f-5b387065a084_533x.webp?v=1662627329,2024-08-18
Takizawa Junmai Ginjo 瀧澤純米吟醸 720ml,188,1,sake,https://cellarmasterwines.com/cdn/shop/products/S156TAK042-Takizawa_Junmai_Ginjo__720ml__3_400x_a461f56c-1bf8-4852-939b-e731c75fb447_533x.png?v=1662625277,2024-08-18
Takizawa Tokujo - 720ml,118,4,sake,https://cellarmasterwines.com/cdn/shop/products/S156TAK012-Takizawa_Tokujo__720ml__3_1800x1800_a8c31404-06f6-453c-8a88-50c663424f47_533x.webp?v=1676277198,2024-08-18
Jose Cuervo Especial Reposado (Gold)Tequila 750ml,125,5,tequila,https://cellarmasterwines.com/cdn/shop/products/Jose-Cuervo-Especial-Reposado-_Gold_-750ml_1200x1200_ce2358e8-b0a5-44a0-a7b6-11bf7c1ca9f8_533x.jpg?v=1627885636,2024-08-18
Tequila Rose Strawberry Cream Liqueur 700ml,135,85,tequila,https://cellarmasterwines.com/cdn/shop/products/TequilaRose_533x.webp?v=1661965947,2024-08-18
Jose Cuervo Especial Reposado (Gold)Tequila 1L,139,60,tequila,https://cellarmasterwines.com/cdn/shop/files/Jose-Cuervo-Especial-Reposado-_Gold_-750ml_1200x1200_0669f486-8aa9-430d-8bae-57a567363df2_533x.jpg?v=1714380240,2024-08-18
Jose Cuervo Especial Plata (Sliver) Tequila 1 Litre,149,12,tequila,https://cellarmasterwines.com/cdn/shop/products/jose-cuervo-silver-1l_533x.jpg?v=1673379086,2024-08-18
Jose Cuervo Tradicional Reposado Tequila 700ml,228,4,tequila,https://cellarmasterwines.com/cdn/shop/products/Jose-Cuervo-Tradicional-Reposado-700ml_540x_371e48e2-beac-46e5-a033-57687743c863_533x.jpg?v=1627886963,2024-08-18
Patron Tequila Silver 750ml,468,4,tequila,https://cellarmasterwines.com/cdn/shop/products/PatronSilver750ml_1024x_39ce485d-2a12-4d43-8013-b9363a0f1c19_533x.png?v=1609251999,2024-08-18
Don Julio Blanco Tequila 750ml,499,35,tequila,https://cellarmasterwines.com/cdn/shop/products/DonJulioBlanco_533x.png?v=1661960175,2024-08-18
Don Julio Resposado Tequila 700ml,588,3,tequila,https://cellarmasterwines.com/cdn/shop/files/DonJulioResposado_ca6a72d8-f553-40fe-822f-7ae47a19e697_533x.png?v=1692858198,2024-08-18
Patron Tequila Reposado 750ml,588,11,tequila,https://cellarmasterwines.com/cdn/shop/files/2ndbatchwinenotimageupdate_87_1024x1024_2x_1ccbfa5c-f819-405a-8b8d-1d54755993d0_533x.webp?v=1713855071,2024-08-18
Casamigos Blanco Tequila 700ml,598,999,tequila,https://cellarmasterwines.com/cdn/shop/products/CasamigosBlanco_533x.png?v=1661954638,2024-08-18
Patron Tequila Anejo 750ml,599,9,tequila,https://cellarmasterwines.com/cdn/shop/files/3rdbatchwinenotimageupdate_2_1024x1024_2x_2260a0c4-45d2-4d65-a72e-93e5e80a5833_533x.webp?v=1713854892,2024-08-18
Cayeya Blanco Tequila 700ml,628,999,tequila,https://cellarmasterwines.com/cdn/shop/files/Cayeya-Blanco-Tequila-700mL_533x.jpg?v=1713752750,2024-08-18
Casamigos Resposado Tequila 700ml,648,999,tequila,https://cellarmasterwines.com/cdn/shop/products/CasamigosResposado_533x.png?v=1661956943,2024-08-18
Casamigos Anejo Tequila 700ml,698,999,tequila,https://cellarmasterwines.com/cdn/shop/products/Casamigosanejo_533x.png?v=1661957239,2024-08-18
Don Julio Anejo Tequila 750ml,798,999,tequila,https://cellarmasterwines.com/cdn/shop/products/DonJulioAnejo_533x.png?v=1661965426,2024-08-18
Cayeya Single Barrel Reposado Tequila 700ml (with giftbox),1688,999,tequila,https://cellarmasterwines.com/cdn/shop/files/CayeyaReposado_533x.png?v=1713758189,2024-08-18
Don Julio 1942 Tequila 750ml,1798,13,tequila,https://cellarmasterwines.com/cdn/shop/products/DonJulio1942_533x.png?v=1702975391,2024-08-18
Clase Azul Reposado 750ml,1999,6,tequila,https://cellarmasterwines.com/cdn/shop/files/ClaseAzulReposado_533x.jpg?v=1702974208,2024-08-18
Cayeya Single Barrel Anejo Tequila 700ml (with giftbox),2188,999,tequila,https://cellarmasterwines.com/cdn/shop/files/CayeyaAnejo_533x.jpg?v=1713758479,2024-08-18
Clase Azul Mezcal Durango 700ml,4998,999,tequila,https://cellarmasterwines.com/cdn/shop/files/978B4D23-140F-4AAF-9D04-8E9706103566_533x.webp?v=1718370900,2024-08-18
Ardbeg 10 Years Islay Single Malt Scotch Whisky 700ml,648,999,whisky,https://cellarmasterwines.com/cdn/shop/products/2120-1500x1500_533x.jpg?v=1670244562,2024-08-18
"Ardbeg An Oa ""The Ultimate"" Single Malt Scotch Whisky 700ml",788,999,whisky,https://cellarmasterwines.com/cdn/shop/products/WhatsAppImage2023-01-17at11.42.43AM_533x.jpg?v=1673927925,2024-08-18
"Ardbeg An Oa ""The Ultimate"" Single Malt Scotch Whisky 700ml (with BBQ Smoker)",699,1,whisky,https://cellarmasterwines.com/cdn/shop/products/Screenshot2023-01-19at4.03.39PM_533x.png?v=1706451551,2024-08-18
"Ardbeg Corryvreckan ""The Ultimate"" Single Malt Scotch Whisky 700ml",1288,999,whisky,https://cellarmasterwines.com/cdn/shop/products/WhatsAppImage2023-01-17at11.42.42AM_1_533x.jpg?v=1673928559,2024-08-18
"Ardbeg Uigeadail ""The Ultimate"" Single Malt Scotch Whisky 700ml",998,999,whisky,https://cellarmasterwines.com/cdn/shop/products/WhatsAppImage2023-01-17at11.42.42AM_533x.jpg?v=1673928376,2024-08-18
Ardbeg Wee Beastie 5 Year Old Single Malt Whisky 700ml,498,3,whisky,https://cellarmasterwines.com/cdn/shop/products/shopping_533x.webp?v=1670244327,2024-08-18
Auchentoshan 12 Year Old Single Malt Scotch Whisky,488,999,whisky,https://cellarmasterwines.com/cdn/shop/products/12YOdelicate_SQUARE_bottle_box_533x.png?v=1670576031,2024-08-18
Bowmore 12 Year Old Scotch Whisky,488,9,whisky,https://cellarmasterwines.com/cdn/shop/products/12-year-old-large_533x.png?v=1670575682,2024-08-18
Chivas Regal Scotch Whisky 750ml,229,2,whisky,https://cellarmasterwines.com/cdn/shop/files/Chivas-Regal-12YO-700ml-Bayfields-Liquor-Superstore_533x.png?v=1700102717,2024-08-18
Claymore Scotch Whisky Scotland 1L,78,20,whisky,https://cellarmasterwines.com/cdn/shop/files/WhatsApp_Image_2024-07-16_at_6.55.47_PM_533x.jpg?v=1721126358,2024-08-18
Conciere Whiskey 1L,158,999,whisky,https://cellarmasterwines.com/cdn/shop/files/Conciere_BlendedWhiskey_533x.png?v=1722914404,2024-08-18
Dalwhinnie 15 YO Highland Single Malt Whisky 700ml,528,1,whisky,https://cellarmasterwines.com/cdn/shop/products/ScreenShot2021-06-03at4.08.17PM_533x.png?v=1622707733,2024-08-18
Fireball Cinnamon Whisky 1000ml,218,0,whisky,https://cellarmasterwines.com/cdn/shop/files/FIREBALL-1000ML-SQ-1536x1536_533x.png?v=1719993802,2024-08-18
Glenfiddich 18 Year Old Single Malt Scotch Whisky 700ml,768,11,whisky,https://cellarmasterwines.com/cdn/shop/products/glenfid18_533x.jpg?v=1660207617,2024-08-18
Glenlivet 12 Year Old Single Malt Scotch Whisky - 700ml,399,0,whisky,https://cellarmasterwines.com/cdn/shop/products/WhatsAppImage2023-03-04at4.16.11AM_533x.jpg?v=1677923671,2024-08-18
Glenmorangie 18YO Extremely Rare Highland Single Malt Whisky 700ml,1298,999,whisky,https://cellarmasterwines.com/cdn/shop/products/Glenmorangie18yo_533x.png?v=1622711436,2024-08-18
Glenmorangie Signet Highland Single Malt Whisky 700ml,1898,2,whisky,https://cellarmasterwines.com/cdn/shop/products/Glenmorangiesiignet_533x.png?v=1622711906,2024-08-18
Glenmorangie Single Malt The Lasanta 12 Year Old 700ml,588,999,whisky,https://cellarmasterwines.com/cdn/shop/products/TheLasanta_533x.jpg?v=1670300745,2024-08-18
Glenmorangie The Nectar d’Or 700ml,628,6,whisky,https://cellarmasterwines.com/cdn/shop/products/GlenmorangieNectar_533x.jpg?v=1706452859,2024-08-18
Glenmorangie The Original 10 Year Old Single Malt Scotch Whisky 750ml,348,999,whisky,https://cellarmasterwines.com/cdn/shop/files/WhatsAppImage2024-03-11at14.53.36_533x.jpg?v=1710140601,2024-08-18
Glenmorangie The Quinta Ruban 14 Years Single Malt Whisky 700ml,688,999,whisky,https://cellarmasterwines.com/cdn/shop/products/quintaruban14png-1500x1500_533x.png?v=1670300116,2024-08-18
Hakushu 12 Years Old Single Malt Japanese Whisky 700ml,2598,2,whisky,https://cellarmasterwines.com/cdn/shop/products/hakushu_12yr_with_giftbox_533x.png?v=1623128887,2024-08-18
Hakushu Distiller's Reserve Single Malt Japanese Whisky 700ml,788,4,whisky,https://cellarmasterwines.com/cdn/shop/products/HakushuDistiller_sReserveSingleMaltJapaneseWhisky700ml_533x.jpg?v=1644910802,2024-08-18
Hibiki 17 Year Old Japanese Blended Whisky 700mL,5498,2,whisky,https://cellarmasterwines.com/cdn/shop/products/Hibiki-17-Year-Old-Japanese-Blended-Whisky-700mL_533x.jpg?v=1653323105,2024-08-18
Hibiki 17 Year Old ”Kacho Fugetsu 花鳥風月“ Blended Japanese Whisky Limited Edition 700ml,24998,2,whisky,https://cellarmasterwines.com/cdn/shop/products/hibiki17.painted_533x.jpg?v=1652351142,2024-08-18
Hibiki Suntory Harmony Japanese Whisky 700ml,1088,2,whisky,https://cellarmasterwines.com/cdn/shop/products/HibikiHarmony_533x.png?v=1622715312,2024-08-18
Jameson Irish Whisky 750ml,218,12,whisky,https://cellarmasterwines.com/cdn/shop/files/5131FDD2-BDEE-4C50-9285-314340B55D74_533x.png?v=1718426560,2024-08-18
Johnnie Walker Black Label Scotch Whisky 1 Litre,318,9,whisky,https://cellarmasterwines.com/cdn/shop/products/JohnnieWalkerBlackLabel1000ml_480x_9978b5ec-c62e-4423-a0d7-0449ab85463f_533x.webp?v=1650955515,2024-08-18
Johnnie Walker Black Label Scotch Whisky 750ml,239,25,whisky,https://cellarmasterwines.com/cdn/shop/files/D3A0626B-EC25-4D74-80D2-BF1082196E69_533x.jpg?v=1700372763,2024-08-18
Johnnie Walker Blue Label 750ml,1398,3,whisky,https://cellarmasterwines.com/cdn/shop/products/JWBlueLabel_533x.jpg?v=1667803252,2024-08-18
Johnnie Walker Blue Label Year of the Wood Dragon 2024 Limited Edition Blended Scotch Whisky,1698,11,whisky,https://cellarmasterwines.com/cdn/shop/files/820A1005-E761-4767-A67F-1395FD49CCD6_533x.jpg?v=1704367346,2024-08-18
Lagavulin 16 Years Single Malt Scotch Whisky 700ml,988,0,whisky,https://cellarmasterwines.com/cdn/shop/products/lagavulin-16-years_533x.webp?v=1670298108,2024-08-18
Laphraoig 10 Year Old Single Scotch Whisky 700ml,588,999,whisky,https://cellarmasterwines.com/cdn/shop/products/Laphroaig_533x.png?v=1670576569,2024-08-18
Monkey Shoulder Blended Malt Scotch Whisky 1L,399,12,whisky,https://cellarmasterwines.com/cdn/shop/products/Monkey-Shoulder-Malt-Whisky-1000ml-2_533x.jpg?v=1678085330,2024-08-18
Mortlach 12 Year Old Single Malt Whisky 750ml,598,999,whisky,https://cellarmasterwines.com/cdn/shop/products/image_c313545f-1b7c-47fb-aea0-067d482b7c90_533x.jpg?v=1670384374,2024-08-18
Mortlach 16 Year Old Single Malt Whisky 750ml,1188,999,whisky,https://cellarmasterwines.com/cdn/shop/products/MOrtlach_533x.png?v=1622731315,2024-08-18
Oban 14 Years Single Malt Whisky 700ml,698,999,whisky,https://cellarmasterwines.com/cdn/shop/products/obnob_14yov2__47738_jpg_533x.webp?v=1670243838,2024-08-18
Onikishi Demon Knight Blended Whisky 700ml,418,999,whisky,https://cellarmasterwines.com/cdn/shop/products/Onikishijapwhisky_533x.jpg?v=1615882172,2024-08-18
Suntory Toki Whisky 700ml,398,6,whisky,https://cellarmasterwines.com/cdn/shop/products/suntorytoki_533x.jpg?v=1673361353,2024-08-18
Taisteal Explorer Blended Scotch Whisky 700ml,198,999,whisky,https://cellarmasterwines.com/cdn/shop/products/NewTaistealBlend1_533x.png?v=1596786104,2024-08-18
Taisteal Explorer Single Grain Scotch Whisky 700ml,318,2,whisky,https://cellarmasterwines.com/cdn/shop/files/Taisteal-Single-Grain-Scotch-Whisky-700mL-600x600-1_533x.jpg?v=1701851436,2024-08-18
Taisteal Explorer Single Malt Scotch Whisky 700ml,318,1,whisky,https://cellarmasterwines.com/cdn/shop/products/NewTaistealMaltBottle_533x.png?v=1596786345,2024-08-18
Talisker 10YO Single Malt Scotch Whisky 700ml,588,999,whisky,https://cellarmasterwines.com/cdn/shop/products/talisker-10-year-old_1_533x.jpg?v=1644301165,2024-08-18
The Balvenie Caribbean Cask Aged 14 Years,898,999,whisky,https://cellarmasterwines.com/cdn/shop/products/Balvenie14YearOld_533x.jpg?v=1665715621,2024-08-18
The Kurayoshi 12 Years Pure Malt Whisky 700ml,988,999,whisky,https://cellarmasterwines.com/cdn/shop/products/the-kurayoshi-12yo-pure-malt-new_222f53da-9d61-4842-9648-2c093ae8daea_533x.jpg?v=1622716313,2024-08-18
The Kurayoshi 8 Years Pure Malt Whisky 700ml,728,5,whisky,https://cellarmasterwines.com/cdn/shop/products/the-kurayoshi-8yo-pure-malt-new_9fb7a947-688c-451e-95ba-0942a82ca94b_533x.jpg?v=1622716293,2024-08-18
The Macallan 12 Years Old Double Cask Scotch Whisky 700ml,628,999,whisky,https://cellarmasterwines.com/cdn/shop/products/Medium-MAC_2018_DoubleCask_12YO_BottleCarton_RGB_Tif_1_533x.jpg?v=1647401071,2024-08-18
The Macallan 12 years Sherry Oak Single Malt Scotch Whisky 700ml,798,0,whisky,https://cellarmasterwines.com/cdn/shop/products/Macallan-Sherry-Oak-12yrs_533x.jpg?v=1641461087,2024-08-18
The Macallan 18 Years Old Sherry Oak Single Malt 700ml,2888,7,whisky,https://cellarmasterwines.com/cdn/shop/products/Macallan-18-Years-Old-Sherry-Oak-Cask-2022-Release-Box-Must-Have-Malts-MHM_533x.jpg?v=1673360908,2024-08-18
The Macallan Classic Cut Single Malt Scotch Whisky (Edition 2023) 700ml,880,9,whisky,https://cellarmasterwines.com/cdn/shop/products/ScreenShot2023-02-08at5.15.08PM_533x.png?v=1675847737,2024-08-18
The Macallan The Harmony Collection Intense Arabica Single Malt Scotch Whisky 700ml,2498,3,whisky,https://cellarmasterwines.com/cdn/shop/products/image_5eea981c-d7db-492f-8d26-3f1f22fc4517_533x.jpg?v=1676370507,2024-08-18
The Macallan The Harmony Collection Smooth Arabica Single Malt Scotch Whisky 700ml,1998,2,whisky,https://cellarmasterwines.com/cdn/shop/products/ScreenShot2023-02-08at5.26.52PM_533x.png?v=1675848429,2024-08-18
The Singleton 12YO Single Malt Whisky 700ml,399,1,whisky,https://cellarmasterwines.com/cdn/shop/files/SingleTon12_533x.png?v=1701833104,2024-08-18
The Singleton 15YO Single Malt Scotch Whisky 700ml,688,999,whisky,https://cellarmasterwines.com/cdn/shop/products/Singelton15_533x.png?v=1622710511,2024-08-18
The Singleton 18YO Single Malt Scotch Whisky 700ml,1188,999,whisky,https://cellarmasterwines.com/cdn/shop/products/singelton18_533x.png?v=1622710395,2024-08-18
Yamazaki 12 Year Old - Gift Boxed 700ml,1998,999,whisky,https://cellarmasterwines.com/cdn/shop/products/yamazaki_12yr_with_giftbox_700x700_8e795970-d41c-4b33-9761-7df142e06a41_533x.png?v=1611985543,2024-08-18
Yamazaki Single Malt Whisky Limited Edition 2017,7998,1,whisky,https://cellarmasterwines.com/cdn/shop/products/yamazaki_533x.jpg?v=1653324502,2024-08-18
Absolut Vodka 1 Litre,139,18,vodka,https://cellarmasterwines.com/cdn/shop/products/AACB4B3A-A67A-4877-9A7C-FA41F939AE76_533x.jpg?v=1661993796,2024-08-18
Belvedere Vodka - 1 Litre,335,3,vodka,https://cellarmasterwines.com/cdn/shop/products/bel1L_533x.jpg?v=1679820875,2024-08-18
Belvedere Vodka 700ml,298,3,vodka,https://cellarmasterwines.com/cdn/shop/products/BelvedereVodka700ml_533x.jpg?v=1617717080,2024-08-18
Grey Goose Vodka 1 Litre,328,5,vodka,https://cellarmasterwines.com/cdn/shop/products/greygoose1L_533x.jpg?v=1641297270,2024-08-18
Smirnoff Raspberry Vodka 700ml,80,4,vodka,https://cellarmasterwines.com/cdn/shop/products/SmirnoffRaspberry_533x.jpg?v=1666590026,2024-08-18
Smirnoff Watermelon Vodka 700ml,80,5,vodka,https://cellarmasterwines.com/cdn/shop/products/SmirnoffWatermelon_533x.jpg?v=1666590286,2024-08-18
Stolichnaya Vodka 1 Litre,129,69,vodka,https://cellarmasterwines.com/cdn/shop/files/65795BFF-B529-4C3B-933D-0D4C99A0ACBB_533x.jpg?v=1718425709,2024-08-18
The Mixology Company Pre-Mixed Espresso Martini Cocktail (200ml),69,5,vodka,https://cellarmasterwines.com/cdn/shop/files/MixologyEspresso_533x.webp?v=1701830369,2024-08-18
Tito’s Handmade Vodka 1 Litre,268,1,vodka,https://cellarmasterwines.com/cdn/shop/files/Titos-Vodka-1024x1024_533x.jpg?v=1702862643,2024-08-18
