wine_name,wine_price,wine_stock,wine_score,wine_category,Img,Date
Ant Moore a+ Marlborough Chardonnay 2023,128,999,94,white-wine,https://cellarmasterwines.com/cdn/shop/files/AntMooreChardonnayy_533x.webp?v=1716259289,2024-08-18
Ant Moore a+ Marlborough Riesling 2023,118,999,92,white-wine,https://cellarmasterwines.com/cdn/shop/files/AntMooreRiesling_533x.webp?v=1716257814,2024-08-18
Ant Moore a+ Marlborough Sauvignon Blanc 2023,128,999,93,white-wine,https://cellarmasterwines.com/cdn/shop/files/AntMooreSauvignonBlanc2023_533x.webp?v=1721701503,2024-08-18
Ara 'Single Estate' Sauvignon Blanc Marlborough 2023,128,60,92,white-wine,https://cellarmasterwines.com/cdn/shop/files/AraSingleEstate_533x.webp?v=1714463929,2024-08-18
Astrolabe Marlborough Chardonnay 2022,188,999,92,white-wine,https://cellarmasterwines.com/cdn/shop/files/rNkeVGeQQTy7Ng1yjNc8Rg_pb_x960_d9753290-21ed-402b-aa29-ab60bce6bcbb_533x.png?v=1695609567,2024-08-18
Astrolabe Marlborough Sauvignon Blanc 2023,168,999,94,white-wine,https://cellarmasterwines.com/cdn/shop/files/A138AST0012021-20211006_JFW_Astrolabe_SauvignonBlancMarlborough_700x700_1800x1800_395b1684-3a2d-4ec0-bdd3-af59ca3a4cfe_533x.webp?v=1695699033,2024-08-18
Atilius Bianco Chardonnay Di Toscana DOCG 2022,118,6,93,white-wine,https://cellarmasterwines.com/cdn/shop/files/Joes_White_Chianti_a7fee144-98ae-484d-962c-4854ff2708de_533x.jpg?v=1706151924,2024-08-18
Black Estate Pinot Gris 2022,98,70,91,white-wine,https://cellarmasterwines.com/cdn/shop/files/Black_Pinot_Gris_533x.jpg?v=1718178875,2024-08-18
Blowfish Chardonnay 2022,48,38,89,white-wine,https://cellarmasterwines.com/cdn/shop/products/BlowfishChardonnay_3f7c1dec-8b20-4e9a-90e5-8ab6a70265ea_533x.png?v=1678249872,2024-08-18
Blowfish Sauvignon Blanc 2022,48,13,90,white-wine,https://cellarmasterwines.com/cdn/shop/products/SauvignonBlanc2023_1_533x.png?v=1675845528,2024-08-18
Boschendal Estate Sommelier Selection Chenin Blanc 2022,168,12,92,white-wine,https://cellarmasterwines.com/cdn/shop/files/Boschendal-Sommelier-Selection-Chenin-Blanc_d03d5c79-2aa5-4acc-be84-266b48e313c1_533x.jpg?v=1698983315,2024-08-18
Bottega Pinot Grigio Venezia DOC 2022,75,1,90,white-wine,https://cellarmasterwines.com/cdn/shop/files/bottega-pinot-grigio-venezia-doc-bottega-white-wines_435c9ced-5468-405a-932e-c0cda1c43837_533x.jpg?v=1692845886,2024-08-18
Bottega Pinot Grigio Venezia DOC 2023,78,24,90,white-wine,https://cellarmasterwines.com/cdn/shop/files/bottega-pinot-grigio-venezia-doc-bottega-white-wines_435c9ced-5468-405a-932e-c0cda1c43837_533x.jpg?v=1692845886,2024-08-18
Brancott Estate Marlborough Sauvignon Blanc 2023,128,5,92,white-wine,https://cellarmasterwines.com/cdn/shop/files/brancotsb_6e21c16b-f806-4005-aff4-f2a09da6c797_533x.png?v=1715236870,2024-08-18
Campillo Blanco Reserva Rioja 2020,188,18,94,white-wine,https://cellarmasterwines.com/cdn/shop/files/FamiliaMartinezZabala_botella-campillo-blanco-reserva-sin-anada_533x.png?v=1709618277,2024-08-18
Campillo Blanco Rioja 2022,118,11,92,white-wine,https://cellarmasterwines.com/cdn/shop/files/CampilloBlanco_533x.jpg?v=1697596615,2024-08-18
Carl Sittmann Riesling 2021,88,5,90,white-wine,https://cellarmasterwines.com/cdn/shop/products/WhatsAppImage2021-05-17at11.17.35AM_1311a773-ded5-4f89-8c70-1819d4ab926c_533x.jpg?v=1660782751,2024-08-18
Casalforte Chardonnay 2020,88,6,92,white-wine,https://cellarmasterwines.com/cdn/shop/files/Casalforte-Chardonnay-IGT-Riondo-Bottle-of-Italy_grande_6fa45760-50b8-491c-9ed0-85b8a15e4c69_533x.webp?v=1708493670,2024-08-18
Casalforte Pinot Grigio delle Venezie DOC 2023,88,11,92,white-wine,https://cellarmasterwines.com/cdn/shop/files/image_829c2aa2-30ff-4b9c-91ff-20b95517fbd9_533x.jpg?v=1682576094,2024-08-18
Casas Del Bosque Chardonnay Gran Reserva 2022,148,14,93,white-wine,https://cellarmasterwines.com/cdn/shop/products/ScreenShot2021-03-15at5.15.46PM_533x.png?v=1615804649,2024-08-18
Casas Del Bosque La Cantera Sauvignon Blanc 2022,148,5,93,white-wine,https://cellarmasterwines.com/cdn/shop/files/ScreenShot2021-03-15at1.27.44PM_a0b9c165-01b0-4378-a621-23bf586ec3e5_533x.png?v=1693888199,2024-08-18
Chateau de Pommard Chassagne Montrachet 2020,798,0,96,white-wine,https://cellarmasterwines.com/cdn/shop/files/packshot-chassagne-montrachet-grand-vin-de-bourgogne-2021-product-1_533x.png?v=1706904094,2024-08-18
Chateau de Pommard Meursault 2020,798,6,96,white-wine,https://cellarmasterwines.com/cdn/shop/files/2487_533x.webp?v=1706902897,2024-08-18
Chateau de Pommard Puligny Montrachet 2020,998,999,97,white-wine,https://cellarmasterwines.com/cdn/shop/files/puligny-montrachet-grand-vin-de-bourgogne-2020-product_533x.png?v=1706904706,2024-08-18
Chateau des Quarts Pouilly Fuisse 1er Cru 2020,388,999,95,white-wine,https://cellarmasterwines.com/cdn/shop/files/245E3E3B-89E5-421F-90B5-90EED5B527EF_533x.jpg?v=1723262095,2024-08-18
Chateau des Quarts Pouilly Fuisse Clos des Quarts 2018,388,2,95,white-wine,https://cellarmasterwines.com/cdn/shop/files/ChateaudesQuartsPouillyFuisseClosdesQuarts2018_533x.jpg?v=1683602565,2024-08-18
Chateau des Quarts Pouilly Fuisse Clos des Quarts 2019,388,999,95,white-wine,https://cellarmasterwines.com/cdn/shop/files/ChateaudesQuartsPouillyFuisseClosdesQuarts2018_f8bbcd68-7764-4126-83bc-fdb95a086512_533x.jpg?v=1702897600,2024-08-18
Chateau Ste. Michelle Chardonnay 2021,168,3,91,white-wine,https://cellarmasterwines.com/cdn/shop/files/SteMichelleChardonnay_533x.png?v=1709888516,2024-08-18
Cielo e Terra 3 Passo Bianco 2022,120,9,94,white-wine,https://cellarmasterwines.com/cdn/shop/products/ScreenShot2021-07-01at7.53.06PM_f737e3bb-2834-4770-be6d-01904f837b7b_533x.png?v=1671590057,2024-08-18
Cloudy Bay Marlborough Chardonnay 2022,288,12,95,white-wine,https://cellarmasterwines.com/cdn/shop/files/Screenshot2023-08-28at3.01.54PM_533x.png?v=1693206608,2024-08-18
Cloudy Bay Marlborough Sauvignon Blanc 2023,198,26,97,white-wine,https://cellarmasterwines.com/cdn/shop/files/CloudyBay2023_533x.webp?v=1697427125,2024-08-18
Cloudy Bay Marlborough Sauvignon Blanc 2023 - (6X750ml),1128,4,97,white-wine,https://cellarmasterwines.com/cdn/shop/files/cloudy-bay-sauvignon-blanc-6-bottles-case-deal-2024220161913-eka_thumb_b246e951-ec04-4ac7-aaec-dbb9afdcfe6f_533x.jpg?v=1717468153,2024-08-18
Cloudy Bay Marlborough Te Koko Sauvignon Blanc 2020,468,4,96,white-wine,https://cellarmasterwines.com/cdn/shop/products/cloudy-bay-te-koko-sauvignon-blanc_2013_57fe9e34-6686-4940-b80c-f27ee9073d52_533x.jpg?v=1668566850,2024-08-18
CMW Secret Label Margaret River Chardonnay 2022 #8060,108,89,95,white-wine,https://cellarmasterwines.com/cdn/shop/files/image_7d6a2490-5206-4e3f-895d-55cd06bdffa0_533x.jpg?v=1723274288,2024-08-18
CMW Secret Label Marlborough Sauvignon Blanc 2023 #8050,118,999,94,white-wine,https://cellarmasterwines.com/cdn/shop/files/image_0715775d-a79a-4008-aa31-6c5696389e7b_533x.jpg?v=1723273634,2024-08-18
Cordier Pouilly Fuisse 1er Cru Vers Cras 2021,498,2,95,white-wine,https://cellarmasterwines.com/cdn/shop/files/6nZzduOwRH-iluHfSnNtjw_pb_x960_c30af4fd-2355-4281-ad39-a95ea829da9c_533x.png?v=1703765815,2024-08-18
Cordier Pouilly Fuisse Vieilles Vignes 2022,328,999,96,white-wine,https://cellarmasterwines.com/cdn/shop/files/D2135LMqTAa6il-fjGcU9Q_pb_x960_665efe9a-15a0-447e-8d85-1b5748e6d918_533x.png?v=1703765858,2024-08-18
Craigmoor Botrytis Semillon 2013 500ml,98,15,95,white-wine,https://cellarmasterwines.com/cdn/shop/files/Craigmoor_533x.png?v=1716189016,2024-08-18
Deinhard Green Label Riesling 2022,88,10,91,white-wine,https://cellarmasterwines.com/cdn/shop/files/Deinhard-Green-Label-Riesling_12754358-a7be-41d4-a6a4-2e43fb52e340_533x.png?v=1698631087,2024-08-18
Dog Point Vineyard Chardonnay 2021,258,22,96,white-wine,https://cellarmasterwines.com/cdn/shop/files/Screenshot2023-07-25at7.04.36PM_23cab788-6367-4acc-81a4-36ae6483f94f_533x.png?v=1712545075,2024-08-18
Dog Point Vineyard Sauvignon Blanc 2023,145,12,94,white-wine,https://cellarmasterwines.com/cdn/shop/files/DogPointSauvignonBlanc_b73a43d7-ccd9-45b6-bd70-90573faf20a7_533x.webp?v=1713604582,2024-08-18
Domaine Denizot Sancerre Blanc 2022,258,8,92,white-wine,https://cellarmasterwines.com/cdn/shop/files/DenziotSancerre_f3f1c67e-1e69-4304-bc97-34c2c53d09f5_533x.png?v=1702897835,2024-08-18
Domaine des Malandes Chablis 2022,218,10,92,white-wine,https://cellarmasterwines.com/cdn/shop/files/Domaine-des-Malandes-Chablis-2019_43dd66c0-f150-4662-ae14-ed56a47bd69e_533x.jpg?v=1682669489,2024-08-18
Domaine Drouhin Arthur Chardonnay 2021,328,999,94,white-wine,https://cellarmasterwines.com/cdn/shop/files/DomainDrouhinArthurChardonnay_533x.jpg?v=1709542202,2024-08-18
Domaine Faiveley Meursault 2019,648,999,92,white-wine,https://cellarmasterwines.com/cdn/shop/files/HkKvW2LgSGiBfUSg52ZxSQ_pb_x960_17f13674-805e-4c39-94b0-bfe19b8ef145_533x.png?v=1717644960,2024-08-18
Domaine Roland Lavantureux Chablis 1er Cru Beauroy 2021,388,18,93,white-wine,https://cellarmasterwines.com/cdn/shop/files/Lavantureux_Chablis_1er_Vau_de_Vey_NV_533x.webp?v=1717556709,2024-08-18
Domaine Roland Lavantureux Chablis 1er Cru Fourchaume 2020,368,18,93,white-wine,https://cellarmasterwines.com/cdn/shop/files/RolandLavantureuxChablis1erCruFourchaume2020_590x_79755c8e-8049-4e6b-9b4e-4fb819894723_533x.webp?v=1717554853,2024-08-18
Domaine Roland Lavantureux Chablis 1er Cru Vau De Vey 2020,388,15,93,white-wine,https://cellarmasterwines.com/cdn/shop/files/Lavantureux_Chablis_1er_Vau_de_Vey_NV_533x.webp?v=1717556709,2024-08-18
Domaine Roland Lavantureux Chablis 2021,248,0,91,white-wine,https://cellarmasterwines.com/cdn/shop/files/2021_domaine_roland_lavantureux_chablis_533x.webp?v=1717553581,2024-08-18
Domaine Roland Lavantureux Chablis Vauprin 2021,328,17,94,white-wine,https://cellarmasterwines.com/cdn/shop/files/Vauprin_533x.jpg?v=1717554554,2024-08-18
Domäne Wachau Grüner Veltliner Federspiel Terrassen 2020,138,18,92,white-wine,https://cellarmasterwines.com/cdn/shop/products/Wachau-GVTerrassenFederspiel_1c26346f-0b73-4d89-8f21-68101ed7ed16copy_533x.jpg?v=1650867219,2024-08-18
Domäne Wachau Grüner Veltliner Smaragd Ried Kellerberg 2020,328,20,96,white-wine,https://cellarmasterwines.com/cdn/shop/products/Wachau-GVSmaragdKellerberg_a1ab8d84-220e-4d35-ba5f-b2e0576c715f_533x.png?v=1653278683,2024-08-18
Domäne Wachau Grüner Veltliner Smaragd Terrassen 2020,188,10,92,white-wine,https://cellarmasterwines.com/cdn/shop/files/Wachau-GVTerrassenFederspiel_1c26346f-0b73-4d89-8f21-68101ed7ed16copy_533x.jpg?v=1712040832,2024-08-18
Domane Wachau Riesling Federspiel Ried Loibenberg 2020,138,9,93,white-wine,https://cellarmasterwines.com/cdn/shop/products/csm_Weingut_Domaene_Wachau_150x100_9a2e3f0705_a986b1c8-f395-4bc0-92b0-72fae4764706_533x.jpg?v=1653278157,2024-08-18
Domäne Wachau Riesling Federspiel Terrassen 2021,128,13,92,white-wine,https://cellarmasterwines.com/cdn/shop/products/image_95f86ab7-2e6a-461b-9774-8ab7d0d92b02_533x.png?v=1649660453,2024-08-18
Francis Ford Coppola Director's Cut Sonoma Coast Chardonnay 2021,258,1,92,white-wine,https://cellarmasterwines.com/cdn/shop/files/DirectorsCutChardonnay_533x.jpg?v=1706670568,2024-08-18
Frescobaldi Pomino Chardonnay Bianco DOC 2022,158,6,90,white-wine,https://cellarmasterwines.com/cdn/shop/files/frescobaldi_pomino_bianco_2017_1_1_771x1000_a675a155-f634-468d-ae9c-0d3d69536e65_533x.png?v=1705637835,2024-08-18
"Geantet Pansiot, Bourgogne Aligote 2021",198,4,91,white-wine,https://cellarmasterwines.com/cdn/shop/files/GEANTET-PANSIOT-BOURGOGNE-ALIGOTE_2000x_21e40d96-f43e-43fb-a34d-b50e014a7603_533x.webp?v=1709612839,2024-08-18
Genot Boulanger Meursault Les Meix Chavaux 2020,848,999,96,white-wine,https://cellarmasterwines.com/cdn/shop/files/XXqEaQBQramIWD2cUP_qQ_pb_x960_ae251c64-f535-409a-9dbe-a5b85c7e2787_533x.png?v=1703765907,2024-08-18
Hugel Classic Gewurztraminer 2020,188,9,93,white-wine,https://cellarmasterwines.com/cdn/shop/files/8BvMXdyYT8eVSPyqCI0ksg_pb_x960_78bbe060-315b-4f8c-8262-0718e8c691e0_533x.png?v=1701778045,2024-08-18
Hugel Classic Pinot Gris 2022,198,8,92,white-wine,https://cellarmasterwines.com/cdn/shop/files/QFnPYlruSfWVeNUpKalCJA_pb_x960_60d587e3-a03f-4e09-8905-ff0a05587c78_533x.png?v=1701777726,2024-08-18
Hugel Classic Riesling 2022,188,7,94,white-wine,https://cellarmasterwines.com/cdn/shop/files/Kub5b2J2QfSpB7SN957Rmw_pb_x960_f7603798-2348-4bf4-900e-ac792791baec_533x.png?v=1701777637,2024-08-18
Hugel Estate Riesling 2019,258,9,95,white-wine,https://cellarmasterwines.com/cdn/shop/files/NjcJ02CrT16USp4P5wJUNw_pb_x960_1_533x.png?v=1701778853,2024-08-18
Jean Moreau & Fils Chablis 2023,248,5,94,white-wine,https://cellarmasterwines.com/cdn/shop/files/D072DDA2-E3C6-4377-AE5F-000BF134992D_533x.png?v=1702043153,2024-08-18
Jean Moreau & Fils Chardonnay 2022,98,11,89,white-wine,https://cellarmasterwines.com/cdn/shop/files/3137D655-10E7-4D58-ADCF-524AFB6FDEE1_533x.jpg?v=1698142021,2024-08-18
Journey's End Chardonnay 2022,68,16,92,white-wine,https://cellarmasterwines.com/cdn/shop/files/V1-2022-resized_533x.png?v=1694577606,2024-08-18
Journey's End Haystack Chardonnay 2023,98,11,93,white-wine,https://cellarmasterwines.com/cdn/shop/files/Hay-Stack-Chardonnay-2021-Low-Res_533x.png?v=1713948164,2024-08-18
Jumpin' Jack Chardonnay 2023,59,999,89,white-wine,https://cellarmasterwines.com/cdn/shop/files/JumpinJackChardonnay_bbc3e0ab-4903-4002-976e-23f8db4d1d40_533x.jpg?v=1701674753,2024-08-18
Jumpin' Jack Moscato 2023,38,999,88,white-wine,https://cellarmasterwines.com/cdn/shop/files/JumpinJack_Moscato_307472d7-4ccb-4339-9298-974006318e2c_533x.jpg?v=1712736774,2024-08-18
Jumpin' Jack Semillon Sauvignon Blanc 2023,59,999,88,white-wine,https://cellarmasterwines.com/cdn/shop/files/JumpinJackSSB_533x.jpg?v=1685502861,2024-08-18
Kato Marlborough Sauvignon Blanc 2023,98,999,92,white-wine,https://cellarmasterwines.com/cdn/shop/files/Screenshot2024-05-21at11.08.11AM_533x.png?v=1716260957,2024-08-18
Kemenys Hidden Label Adelaide Hills Chardonnay 2023,98,999,92,white-wine,https://cellarmasterwines.com/cdn/shop/files/WhatsAppImage2023-02-21at10.37.22PM_0f28c8d6-4b72-403d-83a6-0024bfea86b9_533x.jpg?v=1715667669,2024-08-18
Kemenys Hidden Label Adelaide Hills Sauvignon Blanc 2023,98,63,95,white-wine,https://cellarmasterwines.com/cdn/shop/files/WhatsAppImage2023-02-21at10.34.48PM_533x.jpg?v=1715674695,2024-08-18
Kemenys Hidden Label Clare Valley Riesling 2023,80,89,93,white-wine,https://cellarmasterwines.com/cdn/shop/files/9E3AF358-EFCB-4B2E-9755-EC5BD847E4B4_533x.jpg?v=1710128391,2024-08-18
Kemenys Hidden Label Marlborough Sauvignon Blanc 2023 (KHL 2565),88,999,93,white-wine,https://cellarmasterwines.com/cdn/shop/files/KHL2565_533x.jpg?v=1706766402,2024-08-18
Knappstein Ackland Vineyard Watervale Clare Valley Riesling 2022,148,42,96,white-wine,https://cellarmasterwines.com/cdn/shop/files/Knappstein_AcklandVineyardRieslingNV_533x.png?v=1706085273,2024-08-18
La Chiara Gavi Di Gavi Black Label DOCG 2022,168,11,91,white-wine,https://cellarmasterwines.com/cdn/shop/files/la_gavi_6bbd471b-2d22-4e25-bbdd-1113a5a1ae08_533x.jpg?v=1705024620,2024-08-18
La Negly La Falaise Blanc 2019,228,11,93,white-wine,https://cellarmasterwines.com/cdn/shop/files/Screenshot2024-04-26at12.04.15PM_533x.png?v=1714104286,2024-08-18
Le Ragnaie IGT Toscana Bianco 2020,168,6,90,white-wine,https://cellarmasterwines.com/cdn/shop/files/IGTBianco_533x.png?v=1717383513,2024-08-18
Le Ragnaie IGT Toscana Bianco Civitella 2020,199,6,92,white-wine,https://cellarmasterwines.com/cdn/shop/files/Screenshot2024-06-03at11.04.14AM_533x.png?v=1717383890,2024-08-18
Le Ragnaie IGT Toscana Rosso Miscelone 2018,139,12,90,white-wine,https://cellarmasterwines.com/cdn/shop/files/Miscelone-2021_533x.jpg?v=1717385529,2024-08-18
Leeuwin Estate Art Series Chardonnay 2020,599,17,98,white-wine,https://cellarmasterwines.com/cdn/shop/files/LeeuwinChardonnay2020_533x.webp?v=1714015734,2024-08-18
Leeuwin Estate Art Series Chardonnay 2021,598,21,98,white-wine,https://cellarmasterwines.com/cdn/shop/files/leeuwin-chardonnay-2021__69701_533x.jpg?v=1714015439,2024-08-18
Les Jamelles Chardonnay 2020 187ml,49,22,90,white-wine,https://cellarmasterwines.com/cdn/shop/files/LesJamellesChardonnay_533x.webp?v=1712888406,2024-08-18
Louis Jadot Chablis 2022 375ml,148,1,93,white-wine,https://cellarmasterwines.com/cdn/shop/files/LouisJadotChablis2022375ml_533x.jpg?v=1698219934,2024-08-18
Louis Jadot Chablis Cellier du Valvan 2022,248,999,93,white-wine,https://cellarmasterwines.com/cdn/shop/files/LouisJadotChablisCellierduValvan2020_b67553d5-c0c7-4f7a-b2f7-e26c0326bdca_533x.webp?v=1695373666,2024-08-18
Louis Jadot Mâcon-Villages Blanc 2022 375ml,88,8,91,white-wine,https://cellarmasterwines.com/cdn/shop/files/louis-jadot-macon-villages-blanc-1774759_50b1929b-b6dd-4801-8d72-63a5a556b695_533x.jpg?v=1691396563,2024-08-18
Louis Jadot Pouilly-Fuissé 2022,298,8,93,white-wine,https://cellarmasterwines.com/cdn/shop/files/LouisJadotPouilly-Fuisse2020_f32553af-008c-4f45-ac5d-5be0addc8cea_533x.jpg?v=1708850334,2024-08-18
Louis Jadot Santenay Clos de Malte Blanc 2019,328,9,93,white-wine,https://cellarmasterwines.com/cdn/shop/files/Screenshot2024-05-20at3.11.17PM_533x.png?v=1716189125,2024-08-18
Louis Latour 'Grand Ardeche' Chardonnay 2021,139,15,92,white-wine,https://cellarmasterwines.com/cdn/shop/files/LLGrandArdecheChardonnay_533x.png?v=1701665422,2024-08-18
Louis Latour Ardèche Chardonnay 2021,110,2,90,white-wine,https://cellarmasterwines.com/cdn/shop/files/ardeche-chardonnay-bouteille-fiche-png_8a98244d-8401-4999-a1b3-5f08b9826da4_533x.png?v=1706503223,2024-08-18
Louis Latour Bourgogne Chardonnay 2022,188,7,91,white-wine,https://cellarmasterwines.com/cdn/shop/files/1231424__21591_63e2381f-5ca6-4367-8f79-406b8473d606_533x.webp?v=1700453249,2024-08-18
Louis Latour Chablis 2022,298,30,93,white-wine,https://cellarmasterwines.com/cdn/shop/files/ScreenShot2022-01-24at10.36.43PM_5615d491-e1a8-4fb4-8df6-16511d5a6055_533x.png?v=1693796217,2024-08-18
Louis Latour Chablis 2022 Half Bottle 375ml,168,5,92,white-wine,https://cellarmasterwines.com/cdn/shop/files/ScreenShot2022-01-24at10.26.13PM_ea508bcf-5911-45ee-a5f8-4857209b69d1_533x.png?v=1713948346,2024-08-18
Louis Latour Chablis Premier Cru 2022,410,3,95,white-wine,https://cellarmasterwines.com/cdn/shop/files/LouisLatourChablisPremierCru2020_50fa7760-366f-4ead-b17e-eca32de171e4_533x.jpg?v=1699247975,2024-08-18
Louis Latour Chablis Premier Cru 2022 Half Bottle 375ml,195,12,95,white-wine,https://cellarmasterwines.com/cdn/shop/files/chablislatour_2ad2156c-0440-42fd-94cc-830abbc17d1b_533x.jpg?v=1701073132,2024-08-18
Louis Latour Corton-Charlemagne Grand Cru 2020,1998,999,95,white-wine,https://cellarmasterwines.com/cdn/shop/products/LouisLatorCortonCharlemagne_533x.jpg?v=1638417763,2024-08-18
Louis Latour Montagny 1er Cru La Grande Roche 2022,328,2,93,white-wine,https://cellarmasterwines.com/cdn/shop/files/LouisLatourMontagny_533x.png?v=1708503944,2024-08-18
Louis Latour Pouilly-Fuissé 2022,378,5,93,white-wine,https://cellarmasterwines.com/cdn/shop/files/LouisLatourPouillyfuisse_60c8f229-75d1-4aaf-8401-4e3b7494033d_533x.png?v=1713948762,2024-08-18
Manatapu Sauvignon Blanc 2022,88,24,91,white-wine,https://cellarmasterwines.com/cdn/shop/files/image_3e48701c-4fae-4784-a068-179cd9dfa31d_533x.jpg?v=1683178089,2024-08-18
McHenry Hohnen Apiary Block Unfiltered Chardonnay 2023,148,23,93,white-wine,https://cellarmasterwines.com/cdn/shop/files/NVMcHenryHohenApiaryChardonnay_1e30738a-d864-453f-962a-f2b57b6eaa18_533x.jpg?v=1703819421,2024-08-18
McHenry Hohnen Calgardup Brook Chardonnay 2019,248,18,96,white-wine,https://cellarmasterwines.com/cdn/shop/files/NVSVCalgardupBrookChardonnay_533x.gif?v=1703819481,2024-08-18
McHenry Hohnen Calgardup Brook Chardonnay 2020,248,24,97,white-wine,https://cellarmasterwines.com/cdn/shop/files/NVSVCalgardupBrookChardonnay_f2611c59-3ff2-4653-aadd-f906e15401d4_533x.gif?v=1703819467,2024-08-18
McHenry Hohnen Calgardup Brook Sauvignon Blanc 2022,148,4,95,white-wine,https://cellarmasterwines.com/cdn/shop/files/NVMcHenryHohenSauvignonBlanccopy_65f5ce8e-c32f-42e0-9c8d-8ec0b21a152b_533x.png?v=1703819588,2024-08-18
McHenry Hohnen Hazel's Vineyard Chardonnay 2022,298,16,98,white-wine,https://cellarmasterwines.com/cdn/shop/files/NVSVHazelsChardonnay-TJAFVPcopy_c7c25859-bfea-41f4-9882-ca32c5ffc585_533x.png?v=1703819443,2024-08-18
McHenry Hohnen Marsanne Roussanne 2022,98,4,95,white-wine,https://cellarmasterwines.com/cdn/shop/files/NVMcHenryHohenMarsanneRoussane_aec78290-d204-4de3-872c-c1599eb750b5_533x.png?v=1700643113,2024-08-18
McHenry Hohnen Rocky Road Aromatico 2022,78,17,90,white-wine,https://cellarmasterwines.com/cdn/shop/files/IMG-2954_533x.png?v=1705460943,2024-08-18
Merryvale Napa Valley Chardonnay 2019,388,8,92,white-wine,https://cellarmasterwines.com/cdn/shop/files/84960-MERRYVALE-RESERVE-CHARDONNAY_533x.webp?v=1689579729,2024-08-18
Merryvale Starmont Chardonnay 2018,198,5,93,white-wine,https://cellarmasterwines.com/cdn/shop/files/StarmontChardonnay_533x.webp?v=1689579220,2024-08-18
Nigl Pellingen Privat Grüner Veltliner 2020,148,13,96,white-wine,https://cellarmasterwines.com/cdn/shop/files/GrunerVeltlinerPellingenPrivat_600x_165e2d58-7cad-4ef6-80d2-36783ead167d_533x.webp?v=1721623131,2024-08-18
Nigl Privat Gruner Veltliner 2017,298,11,94,white-wine,https://cellarmasterwines.com/cdn/shop/files/NiglPrivatGV_533x.jpg?v=1718694511,2024-08-18
Oremus Tokaji Aszú 3 Puttonyos 2016 - 500ml,328,2,95,white-wine,https://cellarmasterwines.com/cdn/shop/products/tokay_533x.png?v=1678530959,2024-08-18
Oremus Tokaji Aszu 5 Puttonyos 2014 - 500ml,448,4,96,white-wine,https://cellarmasterwines.com/cdn/shop/products/oremus-aszu-5-bouteille-vinfiche_533x.png?v=1678636747,2024-08-18
Oremus Tokaji Aszu 6 Puttonyos 2007 - 500ml,548,999,98,white-wine,https://cellarmasterwines.com/cdn/shop/products/oremus-aszu-6-bouteille-vinfiche_533x.png?v=1678637142,2024-08-18
Oremus Tokaji Dry Furmint Mandolas 2020,175,1,94,white-wine,https://cellarmasterwines.com/cdn/shop/files/OremusTokajiDryFurmintMandolas2020_533x.jpg?v=1701655419,2024-08-18
Oremus Tokaji Late Harvest 2019 - 500ml,188,999,94,white-wine,https://cellarmasterwines.com/cdn/shop/products/oremus_533x.png?v=1678530041,2024-08-18
Orin Swift Mannequin Chardonnay 2019,318,0,92,white-wine,https://cellarmasterwines.com/cdn/shop/products/orinchard_488a2fd5-73d0-4bd0-8f87-0f79e0e6ddec_533x.jpg?v=1671282774,2024-08-18
Pegau Châteauneuf-du-Pape Cuvée a Tempo Blanc 2020,1198,11,96,white-wine,https://cellarmasterwines.com/cdn/shop/files/PegauChateauneuf-du-PapeCuveeaTempoBlanc2020copy_533x.webp?v=1687777964,2024-08-18
Peter Lehmann Margaret Barossa Valley Semillon 2012,188,0,97,white-wine,https://cellarmasterwines.com/cdn/shop/files/LEHMARSEM15_1_eaaf6434-62d5-4168-b567-09314c62e918_533x.webp?v=1709024078,2024-08-18
Peter Lehmann Margaret Barossa Valley Semillon 2015,198,3,96,white-wine,https://cellarmasterwines.com/cdn/shop/files/LEHMARSEM15_1_533x.webp?v=1701435374,2024-08-18
Peter Lehmann The Barossan Chardonnay 2022,128,9,93,white-wine,https://cellarmasterwines.com/cdn/shop/files/download_533x.jpg?v=1701434291,2024-08-18
"Philippe le Hardi, Cote d'Or Blanc ""Clos de la Chaise"" 2020",248,8,93,white-wine,https://cellarmasterwines.com/cdn/shop/files/PhilippeleHardi_Coted_OrBlanc_ClosdelaChaise_2020_533x.jpg?v=1701921312,2024-08-18
Robert Mondavi Napa Valley Chardonnay 2019,288,4,94,white-wine,https://cellarmasterwines.com/cdn/shop/files/xAs852vETX-KoCqlGywRZA_pb_600x600_65f58b4d-524a-4058-b143-65436716fd4f_533x.png?v=1707277029,2024-08-18
Robert Oatley Finisterre Margaret River Chardonnay 2022,148,89,95,white-wine,https://cellarmasterwines.com/cdn/shop/products/robert-oatley-signature-series-chardonnay-margaret-river_2_5f2589b5-f8cf-4ef4-9cdf-02d96f5003e3_533x.jpg?v=1653492756,2024-08-18
Robert Oatley Signature Series Great Southern Riesling 2017 1.5L Magnum,148,22,93,white-wine,https://cellarmasterwines.com/cdn/shop/files/RobertOatleyRiesling_533x.jpg?v=1697425507,2024-08-18
Robert Oatley Signature Series Riesling 2021 1.5L Magnum,148,8,93,white-wine,https://cellarmasterwines.com/cdn/shop/files/RobertOatleyRiesling_4e45cfbf-36b2-46c0-820b-e1bb1d762576_533x.jpg?v=1704635967,2024-08-18
Robert Oatley Vineyards Signature Series Margaret River Chardonnay 2023,118,54,94,white-wine,https://cellarmasterwines.com/cdn/shop/products/robert-oatley-signature-series-chardonnay-margaret-river_2_5f2589b5-f8cf-4ef4-9cdf-02d96f5003e3_533x.jpg?v=1653492756,2024-08-18
Robert Weil Kiedrich Grafenberg Riesling Spatlese GG 2021,498,6,95,white-wine,https://cellarmasterwines.com/cdn/shop/files/robertweilkiedrichtrockengg_533x.webp?v=1713335892,2024-08-18
Robert Weil Kiedrich Klosterberg Rieling Trocken 2022,398,7,93,white-wine,https://cellarmasterwines.com/cdn/shop/files/kiedrich-klosterberg-riesling-erste-lage-trocken_533x.jpg?v=1713337705,2024-08-18
Robert Weil Rheingau Riesling Spatlese 2022,388,7,94,white-wine,https://cellarmasterwines.com/cdn/shop/files/robert-weil-rheingau-riesling-spatlese-2018_533x.webp?v=1713336588,2024-08-18
Robert Weil Rheingau Riesling Trocken 2022,248,999,94,white-wine,https://cellarmasterwines.com/cdn/shop/files/RheingauTrocken_533x.jpg?v=1688720091,2024-08-18
Rutini Trumpeter Sauvignon Blanc 2022,88,3,90,white-wine,https://cellarmasterwines.com/cdn/shop/products/RutiniTrumpeterSauvignonBlanc2022_533x.png?v=1672728106,2024-08-18
Shaw + Smith Adelaide Hills Sauvignon Blanc 2023,178,16,94,white-wine,https://cellarmasterwines.com/cdn/shop/products/shawsmithsb_fd444fb2-cdd1-46e7-b8dd-f65f76b70f80_533x.png?v=1676816179,2024-08-18
Shaw + Smith Lenswood Vineyard Chardonnay 2021,488,4,98,white-wine,https://cellarmasterwines.com/cdn/shop/files/lenswood-chardonnay-2_533x.png?v=1695783141,2024-08-18
Shaw + Smith M3 Chardonnay 2022,268,1,95,white-wine,https://cellarmasterwines.com/cdn/shop/files/Screenshot2023-11-27at4.54.14PM_533x.png?v=1701075519,2024-08-18
"Simonnet Febvre Chablis 1er Cru ""Fourchaume"" 2019",380,4,96,white-wine,https://cellarmasterwines.com/cdn/shop/files/bouteille-fiche-chablis-premier-cru-fourchaume-bio_533x.png?v=1706921983,2024-08-18
Simonnet Febvre Chablis 2021,268,8,93,white-wine,https://cellarmasterwines.com/cdn/shop/files/bouteille-fiche-chablis_533x.png?v=1706919905,2024-08-18
Simonnet Febvre Petite Chablis 2022,228,999,92,white-wine,https://cellarmasterwines.com/cdn/shop/files/bouteille-fiche-petit-chablis-bio_dc0dfad8-81f7-4f87-bad7-b6cd76e828ed_533x.png?v=1715045433,2024-08-18
Simonnet Febvre Vaillons Chablis Premier Cru 2021,380,4,95,white-wine,https://cellarmasterwines.com/cdn/shop/files/bouteille-fiche-chablis-premier-cru-vaillons_533x.png?v=1706921650,2024-08-18
Stag's Leap Wine Cellars Karia Chardonnay 2022,399,12,92,white-wine,https://cellarmasterwines.com/cdn/shop/files/SlKiara_533x.jpg?v=1709866016,2024-08-18
The Paring Chardonnay 2021,268,1,92,white-wine,https://cellarmasterwines.com/cdn/shop/files/theparing-wine_533x.jpg?v=1701656158,2024-08-18
Torbreck Woodcutters Barossa Valley Semillon 2022,169,6,91,white-wine,https://cellarmasterwines.com/cdn/shop/products/Torbrecksemillon_bf5147d1-5235-407c-a7b8-d51515dfa27d_533x.png?v=1671071360,2024-08-18
Trimbach Alsace Riesling 2021,168,9,94,white-wine,https://cellarmasterwines.com/cdn/shop/files/Screenshot2023-03-23at12.22.18PM_607659b7-29d7-4e16-8147-53c6370fec7b_533x.png?v=1705889441,2024-08-18
Trimbach Gewurztraminer 2018,188,6,92,white-wine,https://cellarmasterwines.com/cdn/shop/products/Trimbach_533x.webp?v=1668580662,2024-08-18
Wente Vineyards Morning Fog Chardonnay 2022,128,14,92,white-wine,https://cellarmasterwines.com/cdn/shop/files/wentechard_c7ce272e-f303-4225-8beb-86b1a4c09472_533x.png?v=1706503578,2024-08-18
Amiral de Beychevelle Saint Julien 2018,299,999,92,red-wines,https://cellarmasterwines.com/cdn/shop/files/WhatsAppImage2024-04-10at3.31.47PM_533x.jpg?v=1712728178,2024-08-18
Ant Moore a+ Marlborough Pinot Noir 2022,128,999,94,red-wines,https://cellarmasterwines.com/cdn/shop/files/AntMoorePinotNoir_533x.webp?v=1716259478,2024-08-18
Antinori Badia a Passignano Gran Selezione Chianti Classico 2019,448,5,96,red-wines,https://cellarmasterwines.com/cdn/shop/files/hxzM5LQaQEmv24npsUIXfQ_pb_x960_0a5587a3-a52f-46b1-baba-ce06d7f9be6f_533x.png?v=1706925670,2024-08-18
Antinori Tenuta Tignanello Marchese Chianti Classico Riserva DOCG 2019,368,5,94,red-wines,https://cellarmasterwines.com/cdn/shop/files/fe4065e4-0d3a-4dc5-a9f3-c6c7951b93c1_533x.jpg?v=1706750818,2024-08-18
Antinori Tenuta Tignanello Marchese Chianti Classico Riserva DOCG 2020,388,0,95,red-wines,https://cellarmasterwines.com/cdn/shop/files/fe4065e4-0d3a-4dc5-a9f3-c6c7951b93c1_533x.jpg?v=1706750818,2024-08-18
Antinori Villa Antinori Chianti Classico Riserva 2020,238,5,93,red-wines,https://cellarmasterwines.com/cdn/shop/files/Villa-Antinori-Riserva-1_533x.png?v=1688045528,2024-08-18
Antinori Villa Antinori Rosso 2019,178,11,92,red-wines,https://cellarmasterwines.com/cdn/shop/products/antinorirosso_3cd7083d-a0d1-4736-985c-8896f0711312_533x.png?v=1668751598,2024-08-18
Ara 'Single Estate' Marlborough Pinot Noir 2022,128,7,92,red-wines,https://cellarmasterwines.com/cdn/shop/files/AraPinotNoir_533x.jpg?v=1714464938,2024-08-18
Arraigo Benegas Estate Cabernet Franc 2018,88,21,91,red-wines,https://cellarmasterwines.com/cdn/shop/products/ArraigoBenegasEstateCF_533x.png?v=1684392217,2024-08-18
Arraigo Benegas Estate Cabernet Sauvignon 2018,88,39,90,red-wines,https://cellarmasterwines.com/cdn/shop/products/ArraigoBenegasEstateCS_533x.png?v=1685867969,2024-08-18
Arraigo Benegas Estate Red Bordeaux Blend 2019,88,31,90,red-wines,https://cellarmasterwines.com/cdn/shop/products/ArraigoBenegasEstateRBL_533x.png?v=1681649103,2024-08-18
Arraigo Benegas Single Vineyard Cabernet Sauvignon 2018,118,59,93,red-wines,https://cellarmasterwines.com/cdn/shop/products/ArraigoBenegasSingleVineyardCS_533x.png?v=1681649177,2024-08-18
Arraigo Benegas Single Vineyard Malbec 2018,118,1,94,red-wines,https://cellarmasterwines.com/cdn/shop/products/ArraigoBenegasSingleVineyardMC_533x.png?v=1685868020,2024-08-18
Astrolabe Marlborough Pinot Noir 2020,198,999,93,red-wines,https://cellarmasterwines.com/cdn/shop/files/21211-1_533x.jpg?v=1689068955,2024-08-18
Astrolabe Wreckin Marlborough Pinot Noir 2020,288,40,96,red-wines,https://cellarmasterwines.com/cdn/shop/files/wine-3-1_533x.png?v=1720257760,2024-08-18
Atilius Nobilis Chianti DOCG 2021,75,2,89,red-wines,https://cellarmasterwines.com/cdn/shop/products/Screenshot2022-05-25at10.24.55AM_533x.png?v=1653445564,2024-08-18
Atilius Nobilis Chianti DOCG 2022,88,6,89,red-wines,https://cellarmasterwines.com/cdn/shop/products/Screenshot2022-05-25at10.24.55AM_533x.png?v=1653445564,2024-08-18
Atilius Prestigio Chianti Riserva DOCG 2018,138,12,91,red-wines,https://cellarmasterwines.com/cdn/shop/products/Chanti_Reserva_c1d5270d-86a1-4185-af4a-f2d603745f2c_533x.png?v=1670400604,2024-08-18
Atilius Ribelle Super Tuscan Cabernet Sauvignon Toscana 2018,268,4,96,red-wines,https://cellarmasterwines.com/cdn/shop/products/AtiliusRibelleSuperTuscanNV_Edited_29507ac5-e494-4c61-b863-1157acfbd29f_533x.png?v=1677828639,2024-08-18
Badet Clement Le Bosq Rouge 2021,58,13,88,red-wines,https://cellarmasterwines.com/cdn/shop/files/image_ea533bbc-ca6e-4aa8-9fbe-05fb2bbd3b9d_533x.jpg?v=1700134939,2024-08-18
Barbaresco Del Produttori 2019,388,52,96,red-wines,https://cellarmasterwines.com/cdn/shop/files/produttori-del-barberesco-barbaresco-web_851x851_18ce6a77-098e-426e-a759-eaa98043affc_533x.webp?v=1695696900,2024-08-18
Benjamin de Rothschild Vega Sicilia Macán 2017,548,1,95,red-wines,https://cellarmasterwines.com/cdn/shop/products/macan-bouteille-vinfiche_533x.png?v=1679887894,2024-08-18
Benjamin Rothschild & Vega Sicilia Macan Classico 2019,388,4,95,red-wines,https://cellarmasterwines.com/cdn/shop/files/800x_4_533x.webp?v=1705029408,2024-08-18
Bernard Magrez Chateau La Tour Carnet 2014,288,1,93,red-wines,https://cellarmasterwines.com/cdn/shop/files/bouteille-chateau-la-tour-carnet-4eme-cru-classe-rouge_02232b41-9524-4c0c-8721-ee43b77b7a54_533x.png?v=1706510842,2024-08-18
Bernard Magrez Chateau La Tour Carnet 2016,288,3,92,red-wines,https://cellarmasterwines.com/cdn/shop/files/bouteille-chateau-la-tour-carnet-4eme-cru-classe-rouge_d5704086-eed0-4dfb-befc-5f870c4615c5_533x.png?v=1706510908,2024-08-18
Bernard Magrez Chateau La Tour Carnet 2017,288,8,92,red-wines,https://cellarmasterwines.com/cdn/shop/files/LaTourCarnet_533x.png?v=1711426223,2024-08-18
Bests Great Western Bin 1 Shiraz 2020,128,999,96,red-wines,https://cellarmasterwines.com/cdn/shop/files/BestsShiraz_533x.jpg?v=1714463732,2024-08-18
Black Estate Shiraz 2022,98,93,90,red-wines,https://cellarmasterwines.com/cdn/shop/files/BLACK_WINE_Shiraz_533x.jpg?v=1718179505,2024-08-18
Blowfish Cabernet Merlot 2021,48,32,88,red-wines,https://cellarmasterwines.com/cdn/shop/products/BlowfishCabMerlot_533x.png?v=1660185860,2024-08-18
Blowfish Shiraz 2021,35,23,87,red-wines,https://cellarmasterwines.com/cdn/shop/products/BlowfishShiraz_533x.png?v=1660190627,2024-08-18
Blowfish Shiraz 2022,48,18,87,red-wines,https://cellarmasterwines.com/cdn/shop/products/BlowfishShiraz_533x.png?v=1660190627,2024-08-18
Bodegas Nekeas Cepa Por Cepa Garnacha 2020,98,15,92,red-wines,https://cellarmasterwines.com/cdn/shop/files/bodegas-nekeas-cepa-por-cepa-garnacha__72130_533x.jpg?v=1685935427,2024-08-18
Bodegas Neo 2019,218,4,94,red-wines,https://cellarmasterwines.com/cdn/shop/files/Neo_533x.png?v=1711270194,2024-08-18
Bodegas Neo Punta Esencia 2019,318,4,94,red-wines,https://cellarmasterwines.com/cdn/shop/files/Screenshot2024-03-24at4.30.29PM_533x.png?v=1711269415,2024-08-18
Bodegas Volver Alicante Bouschet by Tarima 2018,169,8,95,red-wines,https://cellarmasterwines.com/cdn/shop/products/VolverAlicante_f02669b5-5869-487f-a28d-021abbad42a1_533x.png?v=1675378943,2024-08-18
Bodegas Volver Triga 2018,280,4,96,red-wines,https://cellarmasterwines.com/cdn/shop/files/bodegas-volver-triga_679cdcfe-bf09-43ca-9cb5-73ef3e2b01f0_533x.jpg?v=1682655724,2024-08-18
Boschendal Estate Heritage Collection Black Angus 2019,448,0,95,red-wines,https://cellarmasterwines.com/cdn/shop/files/boschendal-black-angus_533x.png?v=1684750709,2024-08-18
Boschendal Estate Sommelier Selection Pinotage 2019,198,8,92,red-wines,https://cellarmasterwines.com/cdn/shop/files/Boschendal-Sommelier-Selection-Pinotage_76c44d59-594b-4506-a974-01e0684da62a_533x.jpg?v=1684748547,2024-08-18
"Boschendal Estate, Appellation Series Elgin Pinot Noir 2018",418,2,95,red-wines,https://cellarmasterwines.com/cdn/shop/files/ElginPinotNoir_533x.jpg?v=1701846982,2024-08-18
"Boschendal Estate, Special Cuvee Nicolas 2021",248,999,92,red-wines,https://cellarmasterwines.com/cdn/shop/files/boschendal_nicolas_533x.jpg?v=1701847147,2024-08-18
Bottega Amarone della Valpolicella DOCG 2018,299,27,97,red-wines,https://cellarmasterwines.com/cdn/shop/files/BottegaAmarone_7522c2b2-8259-49ee-b45e-54df061a7830_533x.jpg?v=1686884796,2024-08-18
Buglioni (I'M)PERFETTO Valpolicella Classico Superiore 2018,138,11,92,red-wines,https://cellarmasterwines.com/cdn/shop/files/Buglioni_Superiore-Imperfetto_20_V_533x.jpg?v=1685593990,2024-08-18
Ca Rugate Amarone Della Valpolicella 2016,328,12,91,red-wines,https://cellarmasterwines.com/cdn/shop/files/CaRugateAmarone_533x.jpg?v=1718249003,2024-08-18
Ca Rugate Amarone Punta 470 DOCG 2016 - 375ml,188,9,92,red-wines,https://cellarmasterwines.com/cdn/shop/files/cBCIDOKoQ6WBh2AWbcLnkw_pb_x960_d697f48a-1165-402f-854f-5a937a5294c4_533x.png?v=1718185536,2024-08-18
Ca Rugate Amarone Punta 470 DOCG 2017,368,11,94,red-wines,https://cellarmasterwines.com/cdn/shop/files/CaRugate470_533x.png?v=1721119574,2024-08-18
Ca Rugate Valpolicella Superiore Campo Lavei 2020,168,11,92,red-wines,https://cellarmasterwines.com/cdn/shop/files/68_campo-lavei-1_3a2b5245-94b7-4fac-919c-0caa2f1722e4_533x.png?v=1701061201,2024-08-18
Campillo Crianza 2018,128,15,92,red-wines,https://cellarmasterwines.com/cdn/shop/files/CampilloCrianza_533x.jpg?v=1697597565,2024-08-18
Campillo Gran Reserva 2015,248,13,92,red-wines,https://cellarmasterwines.com/cdn/shop/files/FamiliaMartinezZabala_CampilloGranReserva_copy_533x.jpg?v=1709622505,2024-08-18
Campillo Reserva Colleccion 2017,188,999,92,red-wines,https://cellarmasterwines.com/cdn/shop/files/big.portrait.campillo-reserva-coleccion-2019_533x.png?v=1709620384,2024-08-18
Capel Vale Single Vineyard Series Whispering Hill Mount Barker Shiraz 2015,278,5,96,red-wines,https://cellarmasterwines.com/cdn/shop/products/WhatsAppImage2021-06-09at12.04.40PM_1_533x.jpg?v=1623222605,2024-08-18
Caro (Catena and Rothschild) Amancaya Malbec - Cabernet Sauvignon 2021,118,20,94,red-wines,https://cellarmasterwines.com/cdn/shop/files/Amancaya_2021_VINCO_sans_reserva_1670426099_1024_533x.png?v=1684376417,2024-08-18
Casalforte Amarone della Valpolicella Classico DOCG 2018,268,10,94,red-wines,https://cellarmasterwines.com/cdn/shop/products/Casalforte-Amarone_1_533x.webp?v=1673319341,2024-08-18
Casalforte Amarone della Valpolicella Riserva 2016,388,4,98,red-wines,https://cellarmasterwines.com/cdn/shop/files/IMMAGINECastelforteAmaronedellaValpolicellaRiserva_fbb19dfa-c632-4aed-8ccb-383a7b151bd3_533x.png?v=1701433444,2024-08-18
Casalforte Corvina IGT 2020,88,6,93,red-wines,https://cellarmasterwines.com/cdn/shop/files/CorvinaRedstillwine_90809d94-acb4-45ad-9ca5-59c4e06904f1_533x.png?v=1696999360,2024-08-18
Casalforte Pinot Nero IGT Veronese 2021,88,12,92,red-wines,https://cellarmasterwines.com/cdn/shop/products/Casalforte-PinotNero_533x.png?v=1661939840,2024-08-18
Casalforte Valpolicella Ripasso DOC 2018,118,7,95,red-wines,https://cellarmasterwines.com/cdn/shop/products/Casalforte-ValpolicellaRipasso_533x.png?v=1661940039,2024-08-18
Casalforte Valpolicella Superiore DOC 2021,98,8,92,red-wines,https://cellarmasterwines.com/cdn/shop/files/casalforteValpolicella_533x.jpg?v=1714973135,2024-08-18
Casas Del Bosque Cabernet Sauvignon Gran Reserva 2018,138,12,92,red-wines,https://cellarmasterwines.com/cdn/shop/products/ScreenShot2021-03-15at6.41.40PM_ac9ea049-624e-4c03-a638-18b6ec78865f_533x.png?v=1675055727,2024-08-18
Casas Del Bosque Gran Reserva Syrah 2018,168,6,92,red-wines,https://cellarmasterwines.com/cdn/shop/products/CasasDelBosqueSyrah_533x.jpg?v=1675065735,2024-08-18
Casas Del Bosque Pinot Noir Gran Reserva 2019,168,11,92,red-wines,https://cellarmasterwines.com/cdn/shop/products/ScreenShot2021-03-15at6.41.40PM_387952bf-bebf-42ba-8cc7-8bfd99984eae_533x.png?v=1661232340,2024-08-18
Château Beauregard Pomerol 2010,588,999,93,red-wines,https://cellarmasterwines.com/cdn/shop/products/Beauregard_533x.png?v=1673679833,2024-08-18
Château Bellefont-Belcier Saint-Émilion Grand Cru (Grand Cru Classé) 2016,428,9,94,red-wines,https://cellarmasterwines.com/cdn/shop/files/6l6ZeAgHRiS8SCcVKuTJ_g_pb_x960_4aa30143-f690-410b-81f8-0de30b6a86cd_533x.png?v=1721914217,2024-08-18
"Chateau Brown Pessac-Leognan, Bordeaux 2019",358,999,94,red-wines,https://cellarmasterwines.com/cdn/shop/files/chatbrown_359c6e65-ee25-4f9f-a335-758821e8e98c_533x.png?v=1701354813,2024-08-18
"Chateau de Pommard Clos Marey-Monge ""Micault"" 2020",848,999,96,red-wines,https://cellarmasterwines.com/cdn/shop/files/cmm-micault-2018_533x.png?v=1706905902,2024-08-18
Chateau La Tour de Mons 'Marquis de Mons' 2017,198,6,92,red-wines,https://cellarmasterwines.com/cdn/shop/files/z4Lhi7J-RiullKYuQ85E0w_pb_x960_1_533x.png?v=1721912958,2024-08-18
Château Pailhas Saint-Émilion Grand Cru 2015,199,10,92,red-wines,https://cellarmasterwines.com/cdn/shop/files/8AcdGFiATWGZQcb3v1T9rA_pb_x960_01d57446-54b3-43c3-94a0-264c48830be5_533x.png?v=1721990462,2024-08-18
Chateau Paradis Casseuil Bordeaux 2020,158,14,96,red-wines,https://cellarmasterwines.com/cdn/shop/files/11_ChEteau-Paradis-Casseuil_e456d760-60f7-4250-b046-a63cb221d555_533x.png?v=1702898155,2024-08-18
Château Philippe-Le-Hardi Vieilles Vignes Mercurey 2021,288,999,93,red-wines,https://cellarmasterwines.com/cdn/shop/files/PhilippeLeHardiMercureyVieillesVignes2020_533x.png?v=1701918020,2024-08-18
Chateau Tanunda 'The Chateau' Single Vineyard Eden Valley Cabernet Sauvignon 2022,188,24,96,red-wines,https://cellarmasterwines.com/cdn/shop/files/TheChateau_SV_CabSauv2_3318e4eb-4ef4-46ab-80e2-ac9916710c81_533x.png?v=1697862021,2024-08-18
Chateau Tanunda 100 Year Old Vines Barossa Valley Shiraz 2018,688,16,98,red-wines,https://cellarmasterwines.com/cdn/shop/products/100YovShirazwithTrustmarkNVHiResWEB_2c1d0155-75a9-43f8-b55f-d19123fd9faa_533x.png?v=1697862550,2024-08-18
Chateau Tanunda Grand Barossa YEAR OF THE Dragon Shiraz 2022 1.5L Magnum,368,999,95,red-wines,https://cellarmasterwines.com/cdn/shop/files/DragonMagnum_533x.png?v=1710995288,2024-08-18
Chateau Tanunda Terroirs of the Barossa Eden Valley Shiraz 2020,188,25,96,red-wines,https://cellarmasterwines.com/cdn/shop/files/chat_tan_terroirs_Eden_Valley_ShirazNVWEB_e92c8c92-c28d-458f-88f8-f14b1a3a43e5_533x.png?v=1709881419,2024-08-18
Château Tour Saint-Christophe Les Terrasses de Saint Christophe Saint-Émilion Grand Cru 2020,168,10,94,red-wines,https://cellarmasterwines.com/cdn/shop/files/xbTid8DiRsSgoSVxATe0EA_pb_600x600_6097fa95-6e9d-4942-9d6a-48f02b860b2f_533x.png?v=1721912933,2024-08-18
Chevalier de Lascombes Margaux 2020,268,9,94,red-wines,https://cellarmasterwines.com/cdn/shop/files/ScreenShot2021-04-24at9.24.03AM_9a32ad98-caec-4aaf-bce8-2fee333c6ddb_533x.png?v=1706248366,2024-08-18
Cielo e Terra 3 Passo Rosso 2022,138,11,96,red-wines,https://cellarmasterwines.com/cdn/shop/products/3passored_d11f67be-95ce-4c6e-b31e-b9bd000d8a59_533x.jpg?v=1671590027,2024-08-18
Clos de los Siette by Michel Rolland 2020,188,4,95,red-wines,https://cellarmasterwines.com/cdn/shop/products/clossiette_0ac1c5eb-cdee-4c37-9b91-723113642f3b_533x.png?v=1619775486,2024-08-18
Cloudy Bay Central Otago Te Wahi Pinot Noir 2019,499,6,98,red-wines,https://cellarmasterwines.com/cdn/shop/files/cloudybay_tewahi_43ebeb8c-7104-4cc5-896c-315d412dc3c9_533x.png?v=1686292872,2024-08-18
Cloudy Bay Marlborough Pinot Noir 2021,299,3,92,red-wines,https://cellarmasterwines.com/cdn/shop/files/CBPinotNoir_533x.jpg?v=1702863858,2024-08-18
CMW Secret Label Marlborough Pinot Noir 2022 #8040,80,999,94,red-wines,https://cellarmasterwines.com/cdn/shop/files/image_2112dbc9-afbf-47f8-b248-e87d8f014667_533x.jpg?v=1723271369,2024-08-18
CMW Secret Label McLaren Vale Shiraz 2020 #8030,88,999,94,red-wines,https://cellarmasterwines.com/cdn/shop/files/A03C0061-5554-479C-814F-1C85A11C1A6E_533x.jpg?v=1723340611,2024-08-18
CMW Secret Label Mendoza Malbec 2018 #8080,80,1,94,red-wines,https://cellarmasterwines.com/cdn/shop/files/A03C0061-5554-479C-814F-1C85A11C1A6E_1_533x.jpg?v=1723344972,2024-08-18
Colle Moro Montepulciano d’Abruzzo Lamina 2021,80,23,90,red-wines,https://cellarmasterwines.com/cdn/shop/files/colle-moro-lamina-montepulciano-d-abruzzo_533x.png?v=1700550576,2024-08-18
Columbia Crest Borne of Fire Cabernet Sauvignon 2018,228,3,92,red-wines,https://cellarmasterwines.com/cdn/shop/files/borne_of_fire_cab_mv_750_533x.png?v=1689574606,2024-08-18
Columbia Crest H3 Cabernet Sauvignon 2020,178,6,92,red-wines,https://cellarmasterwines.com/cdn/shop/files/columbia-crest-cabernet-sauvignon-h3_ef56f8a7-5a1e-4f2a-89c3-5333fb3b4744_533x.png?v=1699325466,2024-08-18
Columbia Crest Reserve Cabernet Sauvignon 2017,448,2,92,red-wines,https://cellarmasterwines.com/cdn/shop/files/ColumiaCrestCabSav2017_533x.png?v=1689650138,2024-08-18
Corino Barbera d'Alba 2020,149,5,90,red-wines,https://cellarmasterwines.com/cdn/shop/files/CorinoBarberad_Alba_533x.png?v=1700547549,2024-08-18
Daou Vineyards Estate Patrimony Caves de Lions 2018,1998,6,100,red-wines,https://cellarmasterwines.com/cdn/shop/products/caves_533x.jpg?v=1679843447,2024-08-18
Delas Haute Pierre Châteauneuf-du-Pape 2019,368,2,95,red-wines,https://cellarmasterwines.com/cdn/shop/products/chateneuf_533x.png?v=1676814651,2024-08-18
Delas Saint-Esprit Côtes-du-Rhône 2021,99,1,91,red-wines,https://cellarmasterwines.com/cdn/shop/products/coterhonedelas_533x.png?v=1676813706,2024-08-18
Delas Saint-Esprit Côtes-du-Rhône 2022,99,10,91,red-wines,https://cellarmasterwines.com/cdn/shop/products/coterhonedelas_533x.png?v=1676813706,2024-08-18
Dog Point Vineyard Pinot Noir 2021,288,19,94,red-wines,https://cellarmasterwines.com/cdn/shop/files/DogPntPinotNoir2020_32cd3651-4152-4357-bfb3-8a37ea5e9ebf_533x.png?v=1709693961,2024-08-18
Domaine d'Ardhuy 1er Cru Aux Clous 2021,498,999,92,red-wines,https://cellarmasterwines.com/cdn/shop/files/AuxClous_533x.jpg?v=1722909283,2024-08-18
Domaine d'Ardhuy Ladoix 2021,398,999,92,red-wines,https://cellarmasterwines.com/cdn/shop/files/DOMAINE_D_ARDHUY_Ladoix_rouge_1x0_75L_20_06_2023_533x.webp?v=1722908466,2024-08-18
Domaine Drouhin Cloudline Pinot Noir 2021,198,6,92,red-wines,https://cellarmasterwines.com/cdn/shop/files/DomaineDrohinCloudlinePinotNoir_533x.jpg?v=1709543566,2024-08-18
Domaine Drouhin Roserock Pinot Noir 2021,328,999,94,red-wines,https://cellarmasterwines.com/cdn/shop/files/Screenshot2024-03-05at11.06.51AM_533x.png?v=1709608038,2024-08-18
Domaine Drouhin Roserock Zephirine Pinot Noir 2018,528,6,96,red-wines,https://cellarmasterwines.com/cdn/shop/files/Screenshot2024-03-05at11.14.26AM_1f134545-2270-45f9-9ea0-f43bd15af3f5_533x.png?v=1709608788,2024-08-18
Domaine Drouhin Roserock Zephirine Pinot Noir 2021,528,999,96,red-wines,https://cellarmasterwines.com/cdn/shop/files/Screenshot2024-03-05at11.14.26AM_533x.png?v=1709608541,2024-08-18
"Domaine Drouhin, Dundee Hills Pinot Noir 2021",348,2,96,red-wines,https://cellarmasterwines.com/cdn/shop/files/DomaineDrouhinPinotNoir_533x.jpg?v=1711425166,2024-08-18
"Domaine Drouhin, Laurene Pinot Noir 2019",548,3,96,red-wines,https://cellarmasterwines.com/cdn/shop/files/DomaineDrouhinLaurene_533x.webp?v=1709607686,2024-08-18
Domaine Faiveley Beaune 1er Cru Clos de l'Ecu 2021,588,1,95,red-wines,https://cellarmasterwines.com/cdn/shop/files/faiveley-beaune-1er-cru-clos-de-l-ecu-monopole_533x.png?v=1683598165,2024-08-18
Domaine Faiveley Chambolle Musigny 1er Cru Aux Beaux Bruns 2020,998,999,94,red-wines,https://cellarmasterwines.com/cdn/shop/files/DomaineFaiveleyChambolleMusigny1erCruAuxBeauxBruns2018_533x.png?v=1683600211,2024-08-18
Domaine Faiveley Latricières-Chambertin Grand Cru 2021,2388,999,98,red-wines,https://cellarmasterwines.com/cdn/shop/files/Adw3jmOVT6CwSPnfgEOSlQ_pb_x960_e299dea3-3f01-4ca8-b137-699b8be2d46a_533x.png?v=1717651170,2024-08-18
Domaine Rouge Bleu Dentelle 2018,88,4,91,red-wines,https://cellarmasterwines.com/cdn/shop/products/Dentelle_Rouge_Vis-1_533x.jpg?v=1679902105,2024-08-18
Domaines Barons de Rothschild Caro 2018,388,3,96,red-wines,https://cellarmasterwines.com/cdn/shop/products/Bodegas-Caro_533x.jpg?v=1649837319,2024-08-18
Domaines Barons de Rothschild Los Vascos Cabernet Sauvignon 2020,68,2,89,red-wines,https://cellarmasterwines.com/cdn/shop/products/LosVascosCabernetSauvignon2020_533x.jpg?v=1681884736,2024-08-18
E.Guigal Côtes du Rhône Rouge 2020,128,15,92,red-wines,https://cellarmasterwines.com/cdn/shop/files/Cotes-Du-Rhone-00-RG_18f76759-70a7-4fe3-bb5a-2c9ab6b96ead_533x.png?v=1701061578,2024-08-18
Farnese Cinque Autoctoni 21° Edizione (2019),348,20,98,red-wines,https://cellarmasterwines.com/cdn/shop/files/IMG-8621_533x.jpg?v=1706873802,2024-08-18
Faustino I Gran Reserva DOCa Rioja Tempranillo Blend 2011 Magnum 1.5L,428,999,94,red-wines,https://cellarmasterwines.com/cdn/shop/files/IMG-3729_533x.jpg?v=1706149364,2024-08-18
Faustino I Gran Reserva DOCa Rioja Tempranillo Blend 2012,198,9,94,red-wines,https://cellarmasterwines.com/cdn/shop/files/FaustinoIGranReserva_69839139-5766-43ed-80ac-562258bd4ae5_533x.webp?v=1709086143,2024-08-18
Faustino I Gran Reserva DOCa Rioja Tempranillo Blend 2012 - (6X750ml in Wooden Box),1260,1,94,red-wines,https://cellarmasterwines.com/cdn/shop/files/IMG-1833_533x.jpg?v=1722394187,2024-08-18
Feudo Maccari Saia Nero D’Avalo 2018,180,2,96,red-wines,https://cellarmasterwines.com/cdn/shop/files/WhatsAppImage2023-11-09at5.34.02PM_533x.jpg?v=1699524157,2024-08-18
Flechas de los Andes Aguaribay Malbec 2021,88,12,94,red-wines,https://cellarmasterwines.com/cdn/shop/files/z8Jta8GsSNqt5Ir1oPLhzQ_pb_x960_eff8f120-f239-4a88-8f89-7e02fc74fec8_533x.png?v=1723711011,2024-08-18
Francis Ford Coppola Claret 2021,268,999,92,red-wines,https://cellarmasterwines.com/cdn/shop/files/Screenshot2024-01-31at10.30.02AM_533x.png?v=1706668274,2024-08-18
Francis Ford Coppola Director's Cut Alexander Valley Cabernet Sauvignon 2020,328,999,92,red-wines,https://cellarmasterwines.com/cdn/shop/files/Screenshot2024-03-26at11.21.09AM_533x.png?v=1711423670,2024-08-18
Francis Ford Coppola Director's Cut Sonoma Coast Pinot Noir 2022,298,2,92,red-wines,https://cellarmasterwines.com/cdn/shop/files/DirectorsCutPinotNoir_ce45f7da-ca92-4256-8fc6-97906ec6a82b_533x.jpg?v=1712031026,2024-08-18
Frescobaldi Tenuta de Perano Chianti Classico DOCG 2020,238,1,94,red-wines,https://cellarmasterwines.com/cdn/shop/files/0002028_tenuta-perano_8e79f934-69ae-49cf-a88a-5d0da808dab3_533x.png?v=1701061783,2024-08-18
Frescobaldi Tenuta Di Castiglioni Toscana IGT 2020,248,3,92,red-wines,https://cellarmasterwines.com/cdn/shop/files/FrescobaldiTenutaDiCastiglioniToscanaIGT2018_6bd85e09-e8a4-4c0e-b7c8-8b1aa4d23191_533x.jpg?v=1701061974,2024-08-18
Gaja Idda Rosso 2020,348,11,95,red-wines,https://cellarmasterwines.com/cdn/shop/files/IDDA_533x.png?v=1701657936,2024-08-18
Geantet Pansiot Bourgogne Rouge Pinot Fin 2021,380,4,92,red-wines,https://cellarmasterwines.com/cdn/shop/files/geantet-pansiot-bourgogne-pinot-fin-2021_2_533x.png?v=1709609748,2024-08-18
Geantet Pansiot Gevrey Chambertin Vieilles Vignes 2021,898,999,93,red-wines,https://cellarmasterwines.com/cdn/shop/files/GEANTET-PANSIOT-GEVREY-CHAMBERTIN-VIEILLES-VIGNES_2000x_54682d34-3774-4bb2-8750-80f27b392393_533x.webp?v=1709610652,2024-08-18
Geantet Pansiot Hautes Cotes de Nuits 2020,298,999,92,red-wines,https://cellarmasterwines.com/cdn/shop/files/GeantetPansiot_HautesCotesdeNuits2020_533x.png?v=1709614190,2024-08-18
Giant Steps Fatal Shore Coal River Valley Pinot Noir 2020,288,16,96,red-wines,https://cellarmasterwines.com/cdn/shop/files/GiantStepsFatalShorePinotNoir2021_533x.jpg?v=1717474785,2024-08-18
Giant Steps Fatal Shore Coal River Valley Pinot Noir 2021,288,9,97,red-wines,https://cellarmasterwines.com/cdn/shop/files/GiantStepsFatalShorePinotNoir2021_533x.jpg?v=1717474785,2024-08-18
Glaetzer Amon-Ra Shiraz 2020,588,8,96,red-wines,https://cellarmasterwines.com/cdn/shop/files/glaetzer-amon-ra-2020-shiraz-750ml_533x.png?v=1690339333,2024-08-18
Glaetzer Anaperenna Barossa Valley 2019,299,55,95,red-wines,https://cellarmasterwines.com/cdn/shop/files/IMG-4769_533x.png?v=1707908041,2024-08-18
Gnarly Head Old Vine Zinfandel 2021,148,2,92,red-wines,https://cellarmasterwines.com/cdn/shop/files/GnarlyHead_533x.jpg?v=1709887972,2024-08-18
Goulee By Cos D'Estournel 2018,298,3,92,red-wines,https://cellarmasterwines.com/cdn/shop/files/goulee-1500x1500_533x.jpg?v=1682676142,2024-08-18
Gran Faustino I Gran Reserva 2004,499,5,97,red-wines,https://cellarmasterwines.com/cdn/shop/files/big.portrait.gran-faustino-i_533x.png?v=1716345875,2024-08-18
Gran Maestro Appassimento Rosso 2022,88,10,95,red-wines,https://cellarmasterwines.com/cdn/shop/files/wOLlYEUvTF6iqr867fikPQ_pb_x960_43f5c163-87c8-4d68-8958-817cbf4e03f6_533x.png?v=1718106759,2024-08-18
Gran Maestro Primitivo di Manduria 2020,128,10,98,red-wines,https://cellarmasterwines.com/cdn/shop/files/Cielo-Gran-Maestro-Primitivo-800x1000_533x.webp?v=1717644172,2024-08-18
Gran Passaia Rosso 2019,115,5,94,red-wines,https://cellarmasterwines.com/cdn/shop/files/57bdf516-5a88-4115-867e-f62a84a149a7_533x.jpg?v=1718162984,2024-08-18
Haras de Pirque Albis Red Blend 2020 - (by Antinori),398,5,95,red-wines,https://cellarmasterwines.com/cdn/shop/files/Albis_533x.png?v=1699944942,2024-08-18
Haras de Pirque Ecral 2020 - (by Antinori),190,11,92,red-wines,https://cellarmasterwines.com/cdn/shop/files/Screenshot2023-11-14at3.44.45PM_533x.png?v=1699947915,2024-08-18
Haras de Pirque Gran Reserva Galantas 2019 - (by Antinori),190,9,92,red-wines,https://cellarmasterwines.com/cdn/shop/files/Screenshot2023-11-14at3.27.43PM_533x.png?v=1699946903,2024-08-18
Haras de Pirque Hussonet Cabernet Sauvignon Gran Reserva 2019 - (by Antinori),110,9,93,red-wines,https://cellarmasterwines.com/cdn/shop/files/HussonetGranReservaCabernetSauvignon2019_533x.jpg?v=1699945656,2024-08-18
I Custodi Etna Rosso DOC Pistus 2021,138,10,90,red-wines,https://cellarmasterwines.com/cdn/shop/files/etna_doc_rosso_pistus_i_custodi_delle_vigne_delletna_fronte_533x.jpg?v=1687764419,2024-08-18
Il Palazzino Chianti Classico Argenina 2019,148,1,90,red-wines,https://cellarmasterwines.com/cdn/shop/files/chianti-classico-argenina-podere-il-palazzino-2018_533x.jpg?v=1700536806,2024-08-18
Jacobs Creek Reserve Cabernet Sauvignon 2018,58,999,92,red-wines,https://cellarmasterwines.com/cdn/shop/products/JacobsCreekReserveCabernetSauvignon_533x.png?v=1689847156,2024-08-18
Jacobs Creek Reserve Cabernet Sauvignon 2018 - 6x750ml,288,37,92,red-wines,https://cellarmasterwines.com/cdn/shop/products/ScreenShot2022-11-04at3.11.27PM_533x.png?v=1667545905,2024-08-18
Jumpin' Jack Cabernet Merlot 2023,59,999,88,red-wines,https://cellarmasterwines.com/cdn/shop/files/JumpinJackCabernetMerlot_22378529-c1b8-4f28-b725-fdbb4e8a2034_533x.jpg?v=1715303678,2024-08-18
Jumpin' Jack Shiraz 2023,59,999,89,red-wines,https://cellarmasterwines.com/cdn/shop/files/JumpinJackShiraz_533x.jpg?v=1685503090,2024-08-18
Kemenys Hidden Label Adelaide Hills Shiraz 2022,98,999,95,red-wines,https://cellarmasterwines.com/cdn/shop/files/WhatsAppImage2023-02-21at10.32.35PM_533x.jpg?v=1715675033,2024-08-18
Kemenys Hidden Label Barossa Reserve Shiraz 2020 (KHL 8850),98,999,95,red-wines,https://cellarmasterwines.com/cdn/shop/files/8DBA1511-7C63-4BBA-9BB4-0B0E19A5BD46_533x.jpg?v=1704867421,2024-08-18
Kemenys Hidden Label Clare Valley Cabernet Sauvignon 2021,88,999,96,red-wines,https://cellarmasterwines.com/cdn/shop/files/8AF036A3-5474-486F-8C3B-DE92C25009C2_533x.jpg?v=1705550572,2024-08-18
Kemenys Hidden Label Clare Valley Shiraz 2021 (KHL 4960),88,999,93,red-wines,https://cellarmasterwines.com/cdn/shop/files/2D3C2E50-3E14-4185-83D8-A9BBFD58708E_533x.jpg?v=1704867641,2024-08-18
Kemenys Hidden Label Coonawarra Cabernet Sauvignon 2020,128,999,95,red-wines,https://cellarmasterwines.com/cdn/shop/files/EAC87307-FBCC-4FA0-AF3C-528EAAEBA771_533x.jpg?v=1717014595,2024-08-18
Kemenys Hidden Label Coonawarra Merlot 2022,88,999,94,red-wines,https://cellarmasterwines.com/cdn/shop/files/KHL8543_533x.jpg?v=1716951775,2024-08-18
Kemenys Hidden Label McLaren Vale Shiraz 2021 (KHL 8552),88,999,93,red-wines,https://cellarmasterwines.com/cdn/shop/products/image_aea2ac0e-9824-485f-a9cf-bf82b1241ee8_533x.jpg?v=1677799501,2024-08-18
Kemenys Hidden Label McLaren Vale Special Reserve Shiraz 2021,128,999,94,red-wines,https://cellarmasterwines.com/cdn/shop/files/KHL6029_533x.jpg?v=1717553775,2024-08-18
Ken Wright Cellars Willamette Valley Pinot Noir 2020,369,9,92,red-wines,https://cellarmasterwines.com/cdn/shop/products/KenWrightCellarsWillametteValleyPinotNoir2020b_1024x_1016784b-449c-4a73-a758-ef5eeccfa2c9_533x.jpg?v=1668652195,2024-08-18
Knappstein Clare Valley Cabernet Sauvignon 2020,128,95,96,red-wines,https://cellarmasterwines.com/cdn/shop/files/Knappstein_CabernetSauvignonNV_533x.png?v=1706085313,2024-08-18
Knappstein Clare Valley Shiraz 2021,128,46,93,red-wines,https://cellarmasterwines.com/cdn/shop/files/Knappstein_ShirazNV_533x.png?v=1706085395,2024-08-18
Knappstein Enterprise Vineyard Cabernet Sauvignon 2019,198,83,98,red-wines,https://cellarmasterwines.com/cdn/shop/files/Knappstein_EnterpriseVineyardCabernetSauvignonNV_533x.png?v=1706085436,2024-08-18
Knappstein Mayors Vineyard Clare Valley Shiraz 2020,198,48,96,red-wines,https://cellarmasterwines.com/cdn/shop/files/Knappstein_TheMayorsVineyardShirazNV_533x.png?v=1706085224,2024-08-18
Kookaburra Cabernet Merlot 2021,38,63,89,red-wines,https://cellarmasterwines.com/cdn/shop/files/KookaburraCabernetMerlot_533x.jpg?v=1689311911,2024-08-18
Kookaburra Cabernet Sauvignon 2021,38,80,89,red-wines,https://cellarmasterwines.com/cdn/shop/products/CabSav_533x.png?v=1685502036,2024-08-18
La Negly Astérides Rouge 2019,98,6,91,red-wines,https://cellarmasterwines.com/cdn/shop/files/Screenshot2024-04-26at12.12.15PM_533x.png?v=1714104753,2024-08-18
La Negly L'Ancely 2017,798,3,95,red-wines,https://cellarmasterwines.com/cdn/shop/files/LaNegly_533x.jpg?v=1714103230,2024-08-18
Le Ragnaie Brunello di Montalcino 2017,488,4,96,red-wines,https://cellarmasterwines.com/cdn/shop/files/LeRegnaieBrunello_533x.jpg?v=1717381343,2024-08-18
Le Ragnaie Rosso di Montalcino 2019,199,12,92,red-wines,https://cellarmasterwines.com/cdn/shop/products/Screenshot2023-03-27at3.46.36PM_533x.png?v=1679903235,2024-08-18
Leeuwin Estate Art Series Cabernet Sauvignon 2020,368,46,98,red-wines,https://cellarmasterwines.com/cdn/shop/files/ArtSeriesCabernetSAuvignon_533x.png?v=1714098055,2024-08-18
Leeuwin Estate Art Series Shiraz 2020,299,3,96,red-wines,https://cellarmasterwines.com/cdn/shop/files/LeeuwinArtSeriesSHiraz_533x.png?v=1686553915,2024-08-18
Les Jamelles Merlot 2020 187ml,49,24,90,red-wines,https://cellarmasterwines.com/cdn/shop/files/LJMerlot_533x.webp?v=1712887745,2024-08-18
Louis Jadot Beaujolais-Villages 2022 375ml,88,1,91,red-wines,https://cellarmasterwines.com/cdn/shop/files/D6A70100-76D0-4C79-A000-18AEC35CC1BA_533x.jpg?v=1708397460,2024-08-18
Louis Jadot Beaujolais-Villages 2023,148,999,91,red-wines,https://cellarmasterwines.com/cdn/shop/files/D6A70100-76D0-4C79-A000-18AEC35CC1BA_07b0a27b-89a5-43bc-992d-cfd25ba785fa_533x.jpg?v=1709885962,2024-08-18
Louis Jadot Bourgogne Cote d'Or 2020,228,5,90,red-wines,https://cellarmasterwines.com/cdn/shop/products/LousiJadotBorgogneCoteD_Or_533x.png?v=1668577474,2024-08-18
Louis Jadot Bourgogne Pinot Noir “Couvent des Jacobins” 2022,198,5,90,red-wines,https://cellarmasterwines.com/cdn/shop/files/Image1-JPNCR21J_903a99e9-8962-4c50-ba1e-5e98db75b1ef_533x.png?v=1714026194,2024-08-18
Louis Jadot Chateau Des Jacques Morgon 2021,228,6,93,red-wines,https://cellarmasterwines.com/cdn/shop/files/Louis_Jadot_Morgon_Chateau_des_Jacques_ac9c488e-c6d0-478c-a1de-c0c191b9d00b_533x.webp?v=1708851466,2024-08-18
Louis Jadot Château des Jacques Moulin-à-Vent 2021,228,9,92,red-wines,https://cellarmasterwines.com/cdn/shop/files/jadotvent_2e94172f-5191-4586-8015-95cce80faeff_533x.png?v=1708851146,2024-08-18
Louis Jadot Pommard 2020,568,4,93,red-wines,https://cellarmasterwines.com/cdn/shop/files/Screenshot2022-06-28at2.41.57PM_5e4ffa97-d650-41b0-9b0c-05f57828ca70_533x.png?v=1708850736,2024-08-18
Louis Jadot Savigny-lès-Beaune Clos des Guettes Rouge 1er Cru 2020,348,3,94,red-wines,https://cellarmasterwines.com/cdn/shop/products/LJSavignyLesBeaune_533x.jpg?v=1678351576,2024-08-18
Louis Latour Cotes de Beaune Villages 2019,298,999,92,red-wines,https://cellarmasterwines.com/cdn/shop/products/LouisLatourCotesdeBeaune-Villages2018_975e3f18-62a0-4ab1-ac98-fc33430a3cd7_533x.png?v=1661747824,2024-08-18
Luc Baudet Clos des Centenaires Grenache Old Vines 2018,198,999,95,red-wines,https://cellarmasterwines.com/cdn/shop/products/ClosCentenairesRge_800px_533x.png?v=1637736373,2024-08-18
Luis Felipe Edwards Private Reserva Merlot 2018,29,40,89,red-wines,https://cellarmasterwines.com/cdn/shop/files/LFEMerlot_533x.jpg?v=1708255139,2024-08-18
Margaux de Brane Cantenac 2019,188,6,94,red-wines,https://cellarmasterwines.com/cdn/shop/files/Margaux-de-Brane-Cantenac-2019_533x.jpg?v=1701657487,2024-08-18
Masi Campofiorin Rosso Verona IGT 2020,188,6,93,red-wines,https://cellarmasterwines.com/cdn/shop/files/Screenshot2024-03-08at10.57.26AM_533x.png?v=1709866690,2024-08-18
Masi Costasera Amarone Della Valpolicella Classico DOC 2018,398,6,96,red-wines,https://cellarmasterwines.com/cdn/shop/files/masiamarone_9b508fa9-2f31-4f98-af66-f54e8aec4bc5_533x.png?v=1696397801,2024-08-18
McHenry Hohnen Hazel's Vineyard Zinfandel 2021,198,12,93,red-wines,https://cellarmasterwines.com/cdn/shop/products/Screenshot2023-01-16at2.37.53PM_533x.png?v=1673851245,2024-08-18
McHenry Hohnen Rocky Road Cabernet Sauvignon 2021,78,35,92,red-wines,https://cellarmasterwines.com/cdn/shop/products/NVRockyRoadCabernetSauvignon21Label_533x.png?v=1673860155,2024-08-18
McHenry Hohnen Rocky Road Shiraz 2020,88,2,90,red-wines,https://cellarmasterwines.com/cdn/shop/products/Screenshot2023-01-16at4.57.47PM_533x.png?v=1673859508,2024-08-18
McHenry Hohnen Single Vineyard Rolling Stone 2016,368,10,98,red-wines,https://cellarmasterwines.com/cdn/shop/products/SVRollingstonecopy_f5d469d4-5b37-4efa-8088-5212a8a0d43b_533x.png?v=1674205473,2024-08-18
Merryvale Napa Vale Cabernet Sauvignon 2017,648,4,92,red-wines,https://cellarmasterwines.com/cdn/shop/files/Merryvale-2017-Cab-Sauv-NV_400px_533x.png?v=1689581828,2024-08-18
Merryvale Napa Valley Merlot 2018,448,3,92,red-wines,https://cellarmasterwines.com/cdn/shop/files/Merryvale-2017-Merlot-NV-450px_bdea0ce8-628a-4495-826c-78ff813dbb5c_533x.png?v=1701396480,2024-08-18
Merryvale Napa Valley Merlot 2019,498,10,92,red-wines,https://cellarmasterwines.com/cdn/shop/files/Merryvale-2017-Merlot-NV-450px_533x.png?v=1689580362,2024-08-18
Merryvale Pinot Noir 2019,368,999,92,red-wines,https://cellarmasterwines.com/cdn/shop/files/Screenshot2023-07-17at3.49.00PM_533x.png?v=1689580174,2024-08-18
Merryvale Starmont Cabernet Sauvignon 2019,298,999,92,red-wines,https://cellarmasterwines.com/cdn/shop/files/Screenshot2023-07-17at4.11.17PM_533x.png?v=1689581513,2024-08-18
Metala White Label Langhorne Creek Shiraz 2021,88,16,92,red-wines,https://cellarmasterwines.com/cdn/shop/products/METALAShiraz2021_533x.jpg?v=1661321043,2024-08-18
Miles from Nowhere Best Blocks Margaret River Cabernet Sauvignon 2021,128,13,93,red-wines,https://cellarmasterwines.com/cdn/shop/files/image_be774ab2-d627-4ba8-b88b-33256d466a28_533x.png?v=1703819191,2024-08-18
Miles from Nowhere Best Blocks Margaret River Shiraz 2020,148,13,93,red-wines,https://cellarmasterwines.com/cdn/shop/files/image_7b3fa923-2498-420c-ad08-2bc480c41e10_533x.png?v=1703819043,2024-08-18
Miles from Nowhere Margaret River Cabernet Sauvignon 2022,118,18,91,red-wines,https://cellarmasterwines.com/cdn/shop/files/MFNCabSauvNV_bottlemock_noshadow_533x.png?v=1705373208,2024-08-18
Miles from Nowhere Margaret River Shiraz 2021,118,4,92,red-wines,https://cellarmasterwines.com/cdn/shop/files/image_59247d0d-d07d-4ae1-a123-f76cc7697757_533x.png?v=1703818914,2024-08-18
Mitolo 7th Son McLaren Vale 2020,128,47,93,red-wines,https://cellarmasterwines.com/cdn/shop/files/7thSon_720x_0969e07e-003c-4a21-b9a6-98cd585ae1e3_533x.webp?v=1717394683,2024-08-18
Mitolo Angela McLaren Vale Shiraz 2018,148,60,94,red-wines,https://cellarmasterwines.com/cdn/shop/files/mitolo-the-angela-mclaren-vale-shiraz-2015-popup_533x.jpg?v=1706869822,2024-08-18
Mitolo Angela McLaren Vale Shiraz 2019,148,999,94,red-wines,https://cellarmasterwines.com/cdn/shop/files/mitolo-the-angela-mclaren-vale-shiraz-2015-popup_33350e04-4c3f-405e-9dd7-ca145e6e4ef1_533x.jpg?v=1706870335,2024-08-18
Mitolo Angela McLaren Vale Shiraz 2020,148,999,94,red-wines,https://cellarmasterwines.com/cdn/shop/files/mitolo-the-angela-mclaren-vale-shiraz-2015-popup_dfcc7883-76d6-43b4-b0f2-4421927ef6c7_533x.jpg?v=1706870630,2024-08-18
Mitolo G.A.M McLaren Vale Shiraz 2018,199,60,95,red-wines,https://cellarmasterwines.com/cdn/shop/files/906934-1_1_e057b3d2-7108-46dd-95cb-9317152d23a5_533x.webp?v=1717396604,2024-08-18
Mitolo G.A.M McLaren Vale Shiraz 2019,199,78,94,red-wines,https://cellarmasterwines.com/cdn/shop/files/906934-1_1_c9821f86-1fa5-47b2-8812-8d9be98e0224_533x.webp?v=1717896379,2024-08-18
Mitolo G.A.M McLaren Vale Shiraz 2019 (Cork Closure),228,22,94,red-wines,https://cellarmasterwines.com/cdn/shop/files/MitoloGAMCork_533x.png?v=1697080058,2024-08-18
Mitolo Jester McLaren Vale Cabernet Sauvignon 2020,118,36,92,red-wines,https://cellarmasterwines.com/cdn/shop/files/MitoloJesterCab_533x.jpg?v=1708566745,2024-08-18
Mitolo Jester McLaren Vale Shiraz 2019,118,19,94,red-wines,https://cellarmasterwines.com/cdn/shop/files/mitolo-jester-shiraz_800x800_03ab9393-7852-475d-b822-5b0dadf4d601_533x.png?v=1710913206,2024-08-18
Mitolo Jester McLaren Vale Shiraz 2020,98,999,94,red-wines,https://cellarmasterwines.com/cdn/shop/files/mitolo-jester-shiraz_800x800_c3899974-648f-4303-8005-cc026763afe0_533x.png?v=1715668637,2024-08-18
Mitolo Savitar McLaren Vale Shiraz 2012,328,56,96,red-wines,https://cellarmasterwines.com/cdn/shop/files/MitoloSavitarCorkClosure_4d4e40e4-8346-498e-8d64-bfb59a828158_533x.jpg?v=1716799026,2024-08-18
Mitolo Savitar McLaren Vale Shiraz 2013,318,60,94,red-wines,https://cellarmasterwines.com/cdn/shop/files/MitoloSavitarCorkClosure_1e20d71c-2a32-42c2-b2ec-6f0a197a8bfe_533x.jpg?v=1716867620,2024-08-18
Mitolo Savitar McLaren Vale Shiraz 2014,298,60,96,red-wines,https://cellarmasterwines.com/cdn/shop/files/SavitarShiraz_900x_f3cf6d46-d02d-4ae4-86e0-ba0ce200c27a_533x.webp?v=1717391646,2024-08-18
Mitolo Savitar McLaren Vale Shiraz 2015,298,55,98,red-wines,https://cellarmasterwines.com/cdn/shop/files/SavitarShiraz_900x_6178aca9-32a4-4a9c-8098-9bff01e82cf8_533x.webp?v=1717391684,2024-08-18
Mitolo Savitar McLaren Vale Shiraz 2016,288,58,95,red-wines,https://cellarmasterwines.com/cdn/shop/files/SavitarShiraz_900x_c32a3eb5-05dc-4ef9-b537-7abac5e6afc3_533x.webp?v=1717391733,2024-08-18
Mitolo Savitar McLaren Vale Shiraz 2017,288,40,94,red-wines,https://cellarmasterwines.com/cdn/shop/files/SavitarShiraz_900x_108499ce-5953-4598-bc90-8312588c1bdc_533x.webp?v=1717391776,2024-08-18
Mitolo Savitar McLaren Vale Shiraz 2018,288,27,96,red-wines,https://cellarmasterwines.com/cdn/shop/files/MitoloSavitarCorkClosure_a8498b3a-bfbf-4062-9d4b-331f46e13ef6_533x.jpg?v=1706839270,2024-08-18
Mitolo Savitar McLaren Vale Shiraz 2018,268,48,96,red-wines,https://cellarmasterwines.com/cdn/shop/files/SavitarShiraz_900x_e3591485-726c-415a-8f81-a48c5503053f_533x.webp?v=1717391814,2024-08-18
Mitolo Serpico McLaren Vale Cabernet Sauvignon 2019,298,38,97,red-wines,https://cellarmasterwines.com/cdn/shop/files/MitoloSerpico_533x.webp?v=1721116003,2024-08-18
Mollydooker The Boxer Shiraz 2022,199,45,92,red-wines,https://cellarmasterwines.com/cdn/shop/products/Molloydooker1_533x.jpg?v=1651487870,2024-08-18
Monasterio de las Viñas Gran Reserva 2012,169,17,94,red-wines,https://cellarmasterwines.com/cdn/shop/products/gran-reserva-2012_Grandes-Vinos_533x.png?v=1599588419,2024-08-18
Muga Reserva Rioja 2019,248,4,95,red-wines,https://cellarmasterwines.com/cdn/shop/products/muga_3d16916a-e76f-404e-ad0f-6337c7009d7c_533x.png?v=1681376440,2024-08-18
Muga Reserva Selección Especial 2019,368,3,96,red-wines,https://cellarmasterwines.com/cdn/shop/files/MugaSeleccionExpecial_533x.jpg?v=1709884294,2024-08-18
Norton Barrel Select Malbec 2023,98,5,92,red-wines,https://cellarmasterwines.com/cdn/shop/files/malbec_barrel_select_2023__1955923_533x.png?v=1709887531,2024-08-18
Orin Swift Abstract Grenache 2020,288,25,93,red-wines,https://cellarmasterwines.com/cdn/shop/products/OrinSwiftAbstract_b8d80b90-6dcb-4dab-9e3d-cd086b6cd9f8_533x.png?v=1671281403,2024-08-18
Orin Swift Eight Years In The Desert Zinfandel 2021,399,47,96,red-wines,https://cellarmasterwines.com/cdn/shop/files/Screenshot2023-07-25at9.11.09PM_533x.png?v=1690335927,2024-08-18
Orin Swift Machete 2020,399,59,95,red-wines,https://cellarmasterwines.com/cdn/shop/files/MacheteBottleShot2012_947e53e7-6a44-43ec-b794-fe48085cad71_533x.jpg?v=1695202687,2024-08-18
Orin Swift Palermo Cabernet Sauvignon Blend 2020,468,28,92,red-wines,https://cellarmasterwines.com/cdn/shop/files/orin-swift-palermo-napa-cabernet__24851_313d1a4c-83be-4a15-8387-98d5c6524a0b_533x.jpg?v=1690340764,2024-08-18
Orin Swift Slander Pinot Noir 2018,468,6,92,red-wines,https://cellarmasterwines.com/cdn/shop/products/Screenshot2022-12-20at10.55.32AM_533x.png?v=1671504990,2024-08-18
Parent Pommard Premier Cru de 'Les Chaponnières' 2018,898,0,97,red-wines,https://cellarmasterwines.com/cdn/shop/files/parent_533x.png?v=1716274232,2024-08-18
Pegau Châteauneuf-du-Pape Cuvée Laurence 2018,598,999,93,red-wines,https://cellarmasterwines.com/cdn/shop/files/cuvee-laurence-domaine-du-pegau_533x.png?v=1687748203,2024-08-18
Penfolds Bin 138 Shiraz Grenache Mataro 2020,298,9,95,red-wines,https://cellarmasterwines.com/cdn/shop/files/kktpZ1TkT9iYzAYmPFV4QQ_pb_x960_9e7eb391-dafa-405c-be74-a4daf3f4531f_533x.png?v=1706148755,2024-08-18
Penfolds Bin 2 Shiraz Mataro 2021,148,0,92,red-wines,https://cellarmasterwines.com/cdn/shop/files/Bin_2_Shiraz_Mataro_2016_e23fa97b-3cad-4db2-9d3b-9a018a20603c_533x.png?v=1716434555,2024-08-18
Penfolds Bin 28 Shiraz 2020,259,7,93,red-wines,https://cellarmasterwines.com/cdn/shop/files/IMG-3691_533x.png?v=1706074887,2024-08-18
Penfolds Bin 389 Cabernet Shiraz 2020,428,4,94,red-wines,https://cellarmasterwines.com/cdn/shop/files/389-box_9ab6bf2d-e180-431b-bab6-7a4218a1b2da_533x.png?v=1702005980,2024-08-18
Penfolds Bin 389 Cabernet Shiraz 2021,398,21,94,red-wines,https://cellarmasterwines.com/cdn/shop/files/bin389_2aa060b6-2a85-46d3-9213-1f619e108cc9_533x.png?v=1706079434,2024-08-18
Penfolds Bin 8 Cabernet Shiraz 2019,168,8,93,red-wines,https://cellarmasterwines.com/cdn/shop/products/image_7f17fd77-0072-4265-8b89-7e4c214b7958_533x.jpg?v=1666141473,2024-08-18
Penfolds Bin 8 Cabernet Shiraz 2020,168,17,93,red-wines,https://cellarmasterwines.com/cdn/shop/files/image_0c37e3f3-2fe0-46ae-8828-5d31f4fde942_533x.jpg?v=1710406386,2024-08-18
Penfolds One by Penfolds Shiraz Australia 2021,99,0,92,red-wines,https://cellarmasterwines.com/cdn/shop/files/8087982-ONE-Penfolds-California-Red-Blend_750_1_533x.png?v=1723788890,2024-08-18
Peter Lehmann Eight Songs Barossa Shiraz 2020,248,5,96,red-wines,https://cellarmasterwines.com/cdn/shop/files/Screenshot2022-07-04at1.26.24PM_5d189c33-4011-45e6-8bf3-f7869f1e0830_533x.png?v=1701097186,2024-08-18
Peter Lehmann Mentor Cabernet Sauvignon 2018,268,18,94,red-wines,https://cellarmasterwines.com/cdn/shop/products/CWS12383_Peter-Lehmann-Mentor-Cabernet-Sauvignon-2018-750ml_533x.jpg?v=1656911820,2024-08-18
Peter Lehmann The Barossan Shiraz 2021,128,10,92,red-wines,https://cellarmasterwines.com/cdn/shop/files/lehmanbarossan_1ad9a89d-0efe-4dfb-b542-97736878e00a_533x.png?v=1710737891,2024-08-18
Philippe Le Hardi Mercurey Vieilles Vignes 2021,368,0,92,red-wines,https://cellarmasterwines.com/cdn/shop/files/Mercurey_533x.webp?v=1722910819,2024-08-18
Portia Prima La Encina 2020,198,10,93,red-wines,https://cellarmasterwines.com/cdn/shop/files/Screenshot2023-10-18at11.18.16AM_533x.png?v=1697599129,2024-08-18
Remoissenet Père & Fils 1er Cru Les Bressandes 2017,798,999,95,red-wines,https://cellarmasterwines.com/cdn/shop/files/Beaune1erCruLesBressandes_220x_15ccfb8b-c210-414f-9770-3be2deeb9adb_533x.webp?v=1722848998,2024-08-18
Remoissenet Père & Fils 1er Cru Les Grèves 2017,798,999,94,red-wines,https://cellarmasterwines.com/cdn/shop/files/RemoissenetPere_Fils1erCruLesGreves_533x.webp?v=1722851053,2024-08-18
Remoissenet Père & Fils Nuits-Saint-Georges 2019,468,999,94,red-wines,https://cellarmasterwines.com/cdn/shop/products/RemoissenetPere_FilsNuits-Saint-Georges2016_533x.png?v=1642528458,2024-08-18
Riondo Valpolicella Superiore DOC 2018,68,1,92,red-wines,https://cellarmasterwines.com/cdn/shop/files/Screenshot2024-05-06at1.23.55PM_533x.png?v=1714973229,2024-08-18
Rivera Triusco Primitivo Di Manduria DOC 2021,158,14,92,red-wines,https://cellarmasterwines.com/cdn/shop/files/triusco-13_59cd8e65-e2a4-4daa-af66-c1a98ff6030d_533x.jpg?v=1701071031,2024-08-18
Roagna Barbaresco Gallina 2017,1098,999,94,red-wines,https://cellarmasterwines.com/cdn/shop/files/Roagna-Barbaresco-Gallina-680x680_533x.png?v=1706840855,2024-08-18
Roagna Barbaresco Paje 2017,1098,999,94,red-wines,https://cellarmasterwines.com/cdn/shop/files/RoagnaBarbarescoPaje2017_533x.jpg?v=1707113995,2024-08-18
Roagna Barolo Rocche di Castiglione 2017,1098,999,94,red-wines,https://cellarmasterwines.com/cdn/shop/files/Roagna-Barolo-Rocche-di-Castiglione-2017-NET-Red-Wine-Flatiron-Wines-Spirits-New-York_533x.webp?v=1707113233,2024-08-18
Robert Mondavi Napa Valley Cabernet Sauvignon 2019,428,7,96,red-wines,https://cellarmasterwines.com/cdn/shop/products/VILxV-cZS6y7rweBrgY2sQ_pb_x960_22a11e8b-8411-4699-977e-03f2f69f13cd_533x.png?v=1673344768,2024-08-18
Robert Oatley Finisterre Margaret River Cabernet Sauvignon 2019,148,32,95,red-wines,https://cellarmasterwines.com/cdn/shop/files/robert-oatley-finisterre-margaret-river-cabernet-sauvignon-1_533x.png?v=1705378041,2024-08-18
Robert Oatley Finisterre McLaren Vale Shiraz 2021,148,999,95,red-wines,https://cellarmasterwines.com/cdn/shop/files/FinisterreShiraz_533x.jpg?v=1723529048,2024-08-18
Robert Oatley Margaret River Cabernet Sauvignon 2018 1.5L Magnum,168,8,96,red-wines,https://cellarmasterwines.com/cdn/shop/products/RobertOatleyCabernet2018Magnum95JH_198x_022dc04c-269f-4f15-9a61-0cf0485d86ae_533x.webp?v=1667281659,2024-08-18
Robert Oatley Margaret River Cabernet Sauvignon 2019 1.5L Magnum,148,999,96,red-wines,https://cellarmasterwines.com/cdn/shop/products/RobertOatleyCabernet2018Magnum95JH_198x_fa4b75d5-8193-4189-9ae5-dee659ded5dd_533x.webp?v=1674797042,2024-08-18
Robert Oatley Signature Series Margaret River Cabernet Sauvignon 2020,118,60,94,red-wines,https://cellarmasterwines.com/cdn/shop/products/oatleycab_dd6a3477-d310-4d5d-8a2c-732c132d1ff6_533x.png?v=1699951102,2024-08-18
Robert Oatley Signature Series McLaren Vale Shiraz 2022,118,32,93,red-wines,https://cellarmasterwines.com/cdn/shop/files/robertoatshiraz_533x.jpg?v=1697423435,2024-08-18
Rockburn Central Otago Pinot Noir 2022,228,55,96,red-wines,https://cellarmasterwines.com/cdn/shop/files/Rockburn_533x.png?v=1704636003,2024-08-18
Rolf Binder 'Heysen' Shiraz Barossa Valley 2017,298,0,96,red-wines,https://cellarmasterwines.com/cdn/shop/products/RolfBinderHeysen_533x.jpg?v=1671502148,2024-08-18
Ruffino Chianti Classico Riserva Ducale DOCG 2020,198,4,95,red-wines,https://cellarmasterwines.com/cdn/shop/files/RuffinoRiservaDucale_533x.webp?v=1709886364,2024-08-18
Rutini Trumpeter Malbec 2021,85,1,92,red-wines,https://cellarmasterwines.com/cdn/shop/products/RutiniTrumpeterMalbec2021_533x.png?v=1672726757,2024-08-18
Selbach-Oster Spätburgunder (Pinot Noir) 2019,238,2,92,red-wines,https://cellarmasterwines.com/cdn/shop/files/SelbachOster2019_533x.jpg?v=1715072889,2024-08-18
Shaw + Smith Balhannah Vineyard Shiraz 2020,499,6,97,red-wines,https://cellarmasterwines.com/cdn/shop/files/balhannah-shiraz-2020_533x.png?v=1695786549,2024-08-18
Shaw + Smith Lenswood Vineyard Pinot Noir 2021,499,2,95,red-wines,https://cellarmasterwines.com/cdn/shop/files/lenswood-pinot-noir-XYQLTT_533x.png?v=1695792924,2024-08-18
Shaw + Smith Shiraz 2021,268,3,96,red-wines,https://cellarmasterwines.com/cdn/shop/files/adelaide-hills-shiraz_533x.png?v=1695785551,2024-08-18
Taylors Wakefield Estate Cabernet Sauvignon 2021,88,4,94,red-wines,https://cellarmasterwines.com/cdn/shop/files/wakefield-estate-cabernet-sauvignon-web-pdp-new_1_1_533x.png?v=1692859836,2024-08-18
Taylors Wakefield Estate Merlot 2021,88,999,92,red-wines,https://cellarmasterwines.com/cdn/shop/files/wakefield-estate-merlot-web-pdp-new_1_1_533x.png?v=1692862575,2024-08-18
Taylors Wakefield Estate Shiraz 2021,88,1,93,red-wines,https://cellarmasterwines.com/cdn/shop/files/taylors-estate-shiraz-web-pdp-new_1_1_533x.png?v=1692858703,2024-08-18
Tenute San Fabiano Rosso di Toscana IGT Piocaia 2016,128,0,90,red-wines,https://cellarmasterwines.com/cdn/shop/files/TenuteSanFabianoRossodiToscanaIGTPiocaia_533x.jpg?v=1687765440,2024-08-18
Torbreck Factor Shiraz 2019,698,3,96,red-wines,https://cellarmasterwines.com/cdn/shop/files/RunRigTheFactor_533x.jpg?v=1708255571,2024-08-18
Torbreck Old Vines Grenache Shiraz Mourvedre 2019,149,0,92,red-wines,https://cellarmasterwines.com/cdn/shop/products/TorbreckOldVines_63b58c5e-2add-4dc8-b866-efbd14b7f400_533x.jpg?v=1678078757,2024-08-18
Torbreck Old Vines Grenache Shiraz Mourvedre 2021,149,7,92,red-wines,https://cellarmasterwines.com/cdn/shop/files/TorbreckOldVines_7844f9d7-b630-476c-b155-c33edffbf418_533x.jpg?v=1710747274,2024-08-18
Torbreck The Steading GSM 2022,328,999,96,red-wines,https://cellarmasterwines.com/cdn/shop/files/UDKGL0xuR_CqHyd1kvbxsA_pb_x960_e6dbd9fc-94cd-4448-aa46-4522098218b3_533x.png?v=1702443848,2024-08-18
Torbreck The Struie Barossa Valley Shiraz 2019,328,16,96,red-wines,https://cellarmasterwines.com/cdn/shop/products/2018TheStruie_541286f3-aaa6-463d-9b6b-0fa318dc432f_533x.jpg?v=1642998088,2024-08-18
Torbreck The Struie Barossa Valley Shiraz 2021,398,999,98,red-wines,https://cellarmasterwines.com/cdn/shop/files/2018TheStruie_2a2bb42b-57b7-40ce-b061-3563a8da644f_533x.jpg?v=1705379255,2024-08-18
Torbreck Woodcutters Barossa Valley Shiraz 2022,165,13,92,red-wines,https://cellarmasterwines.com/cdn/shop/files/TorbreckWoodcuttersShiraz_a2fda943-5237-4502-b88a-c444c67f4544_533x.jpg?v=1703815830,2024-08-18
Trénel Juliénas Les Capitans Beaujolais 2017,148,15,92,red-wines,https://cellarmasterwines.com/cdn/shop/products/Julienas-LesCapitans_533x.png?v=1652862147,2024-08-18
Twinwoods Estate Margaret River Cabernet Sauvignon 2017,168,6,96,red-wines,https://cellarmasterwines.com/cdn/shop/products/twinwoodscab_4413c657-6594-435f-a590-6fdad119e021_533x.png?v=1639548498,2024-08-18
Twinwoods Estate Margaret River Shiraz 2018,168,999,94,red-wines,https://cellarmasterwines.com/cdn/shop/files/twinshiraz_d8b7aefb-7d10-4a1a-a0a8-6d7122a20e99_533x.jpg?v=1706173722,2024-08-18
Two Eights Classic Cabernet Sauvignon 2019,45,1,96,red-wines,https://cellarmasterwines.com/cdn/shop/files/TwoEightsCab_533x.jpg?v=1716191883,2024-08-18
Valparra Tempranillo - Syrah 2022,88,8,90,red-wines,https://cellarmasterwines.com/cdn/shop/files/ValparraSyrah_533x.jpg?v=1700548282,2024-08-18
Vega Sicilia Alion 2019,628,3,95,red-wines,https://cellarmasterwines.com/cdn/shop/files/800x_2_533x.webp?v=1704987585,2024-08-18
Vega Sicilia Bodegas Pintia Toro 2018,498,1,96,red-wines,https://cellarmasterwines.com/cdn/shop/files/pintia-bouteille-vinfiche_d2c54f5c-ada5-4780-ad46-73b5b9a5d368_533x.png?v=1694578844,2024-08-18
Vega Sicilia Bodegas Pintia Toro 2018 Magnum 1.5L,998,1,96,red-wines,https://cellarmasterwines.com/cdn/shop/files/800x_1_533x.webp?v=1704986390,2024-08-18
Vega Sicilia Tinto Valbuena 5º 2017,1088,999,97,red-wines,https://cellarmasterwines.com/cdn/shop/files/u8uyvi9rcocyte3dwtem_533x.jpg?v=1704988824,2024-08-18
Vega Sicilia Tinto Valbuena 5º 2018,1198,999,97,red-wines,https://cellarmasterwines.com/cdn/shop/files/u8uyvi9rcocyte3dwtem_533x.jpg?v=1704988824,2024-08-18
Vega Sicilia Unico Gran Reserva 2012,2750,0,98,red-wines,https://cellarmasterwines.com/cdn/shop/products/vega2012_533x.png?v=1678635954,2024-08-18
Vino Tinto Alma de Vid Tempranillo,35,999,86,red-wines,https://cellarmasterwines.com/cdn/shop/files/Screenshot2024-04-24at3.25.57PM_533x.png?v=1713943615,2024-08-18
Wente Beyer Ranch Zinfandel 2021,128,6,91,red-wines,https://cellarmasterwines.com/cdn/shop/files/wentezinf_fbfb834b-45f3-4562-b469-12994096c65f_533x.png?v=1706503451,2024-08-18
Wente Vineyards Southern Hills Cabernet Sauvignon 2020,118,1,91,red-wines,https://cellarmasterwines.com/cdn/shop/files/hentevineyards_cabernet_sauvignon_152e6187-5255-45dc-8db5-b2999c387462_533x.png?v=1698986631,2024-08-18
Wente Vineyards Southern Hills Cabernet Sauvignon 2021,128,6,91,red-wines,https://cellarmasterwines.com/cdn/shop/files/hentevineyards_cabernet_sauvignon_152e6187-5255-45dc-8db5-b2999c387462_533x.png?v=1698986631,2024-08-18
Xavier Vignon Arcane Le Soleil 2015,198,18,94,red-wines,https://cellarmasterwines.com/cdn/shop/products/XavierVignonArcaneLeSoleil_533x.jpg?v=1706453830,2024-08-18
Xavier Vignon Châteauneuf-Du-Pape Anonyme 2017,368,27,95,red-wines,https://cellarmasterwines.com/cdn/shop/products/XavierVignon-CDPAnonyme_e0b35b76-dee1-4c95-8aa3-30b98675ab9e_533x.png?v=1681192261,2024-08-18
Xavier Vignon Rasteau 2016,128,3,92,red-wines,https://cellarmasterwines.com/cdn/shop/files/Rasteau-bouteilleserigraphiee_png_533x.webp?v=1701662794,2024-08-18
Yann Durieux Les Ponts 2017,699,2,92,red-wines,https://cellarmasterwines.com/cdn/shop/files/YannDurieuxLesPonts_533x.png?v=1700107744,2024-08-18
Zenato Amarone della Valpolicella Classico DOCG 2018,598,999,96,red-wines,https://cellarmasterwines.com/cdn/shop/files/ZENATO-amarone-della-valpolicella-classico_533x.jpg?v=1718005994,2024-08-18
Ant Moore a+ Marlborough Pinot Noir Rosé 2023,118,84,92,rose-wine,https://cellarmasterwines.com/cdn/shop/files/Screenshot2024-05-21at10.03.01AM_533x.png?v=1716257017,2024-08-18
Armand de Brignac Brut Rosé Champagne,2988,4,97,rose-wine,https://cellarmasterwines.com/cdn/shop/files/Screenshot2024-06-04at10.08.38AM_533x.png?v=1717466933,2024-08-18
Atilius Sparkling Rosé,59,17,91,rose-wine,https://cellarmasterwines.com/cdn/shop/products/2022Nov30-RoseRedesignBottleV9_533x.png?v=1673515286,2024-08-18
Ayala Rosé Majeur Brut Champagne N.V.,348,999,92,rose-wine,https://cellarmasterwines.com/cdn/shop/products/5524_AyalaChampagneRose_1_533x.jpg?v=1639383529,2024-08-18
Billecart-Salmon Brut Rosé Champagne,588,12,97,rose-wine,https://cellarmasterwines.com/cdn/shop/products/billecart-salmon-rose_533x.jpg?v=1633593904,2024-08-18
Billecart-Salmon Brut Rose Champagne 375ml (Half Bottle),388,2,97,rose-wine,https://cellarmasterwines.com/cdn/shop/products/billecarterose375_533x.jpg?v=1650789681,2024-08-18
Billecart-Salmon Brut Rose Champagne Jeraboam 3L,2898,999,97,rose-wine,https://cellarmasterwines.com/cdn/shop/products/champagne-billecart-salmon-brut-rose-jeroboam-en-wooden-case_533x.png?v=1650789989,2024-08-18
Billecart-Salmon Brut Rose Champagne Magnum 1.5L,1298,999,97,rose-wine,https://cellarmasterwines.com/cdn/shop/products/billecart_salmon_brut_rose_1.5l_magnum__47846.1596099367_533x.jpg?v=1638861148,2024-08-18
"Billecart-Salmon Brut Rose, Year of Dragon (Gongbi 工筆Chinese Painting)",598,17,97,rose-wine,https://cellarmasterwines.com/cdn/shop/files/Screenshot2024-01-15at5.07.03PM_533x.png?v=1706612085,2024-08-18
Blowfish Rose 2019,38,999,89,rose-wine,https://cellarmasterwines.com/cdn/shop/files/BlowfishRose_533x.png?v=1717386537,2024-08-18
Bollinger Brut Rosé Champagne (with Giftbox),488,17,95,rose-wine,https://cellarmasterwines.com/cdn/shop/products/bollinger-brut-rose-75cl_533x.jpg?v=1644910679,2024-08-18
Bottega Il Vino dei Poeti Rosé Brut N.V.,89,7,90,rose-wine,https://cellarmasterwines.com/cdn/shop/products/bottega2rose_533x.jpg?v=1706451972,2024-08-18
Bottega Manzoni Moscato Petalo Il Vino Dell'Amore Rosé N.V.,168,44,92,rose-wine,https://cellarmasterwines.com/cdn/shop/products/bottegarose_533x.jpg?v=1606890013,2024-08-18
Chandon Australia Brut Rosé N.V.,178,4,92,rose-wine,https://cellarmasterwines.com/cdn/shop/products/Screenshot2022-02-15at3.25.05PM_533x.png?v=1644909963,2024-08-18
Chateau Minuty Cotes de Provence 'M' de Minuty Rose 2022,138,13,92,rose-wine,https://cellarmasterwines.com/cdn/shop/files/chateau-minuty-m-de-minuty-cotes-de-provence-rose-2018-900x1500_66f3082b-b272-441e-a267-4d291d46e0c5_533x.jpg?v=1700188664,2024-08-18
Chateau Minuty Cotes de Provence Rose et Or 2021,258,999,96,rose-wine,https://cellarmasterwines.com/cdn/shop/products/chateau-minuty-rose-et-or-1628806_576b7734-2c38-4783-8f3a-7bce787def6f_533x.jpg?v=1678757745,2024-08-18
Chateau Miraval Cotes de Provence Rosé 2021,148,999,93,rose-wine,https://cellarmasterwines.com/cdn/shop/files/Screenshot2023-03-24at10.02.20AM_f37cbe3c-d27d-4fc1-9c1a-26bb4b5f9448_533x.png?v=1684728100,2024-08-18
Chateau Miraval Cotes de Provence Rosé 2021 (12X750ml),1440,9,93,rose-wine,https://cellarmasterwines.com/cdn/shop/files/Miraval-Rose-Picture-12-Case_533x.jpg?v=1723872764,2024-08-18
Chateau Miraval Cotes de Provence Rosé 2021 (6X750ml),768,19,93,rose-wine,https://cellarmasterwines.com/cdn/shop/files/Miraval_Rose_6_case_473x473_9ac7c8f4-df74-4df2-81cd-7c8289fb76c8_533x.webp?v=1723792146,2024-08-18
CMW Secret Label Cotes de Provence Rosé 2021 #8070,108,999,93,rose-wine,https://cellarmasterwines.com/cdn/shop/files/image_4bfa7496-4e35-4b1b-998c-aa2763a24a54_533x.jpg?v=1723343340,2024-08-18
Dom Pérignon Rosé Vintage 2008 1.5L Magnum,7498,999,99,rose-wine,https://cellarmasterwines.com/cdn/shop/files/Screenshot2023-12-08at7.05.11PM_533x.png?v=1702022726,2024-08-18
Dom Pérignon Rosé Vintage 2009,2498,999,99,rose-wine,https://cellarmasterwines.com/cdn/shop/files/dom-perignon-vintage-2009-rose-75-cl_533x.webp?v=1702034682,2024-08-18
Dom Pérignon Rosé Vintage 2009 Gift Boxed,2598,999,99,rose-wine,https://cellarmasterwines.com/cdn/shop/files/domrose2008_f4f5d036-9682-432a-91b8-aafe332d09f1_533x.jpg?v=1702023390,2024-08-18
Gerard Bertrand Cote des Roses Rosé 2022,118,11,94,rose-wine,https://cellarmasterwines.com/cdn/shop/files/Screenshot2024-01-04at11.53.32AM_533x.png?v=1704635770,2024-08-18
Henri Giraud Dame Jane Rosé NV Champagne,698,999,95,rose-wine,https://cellarmasterwines.com/cdn/shop/products/DAME-JANE_MGN_533x.png?v=1658904485,2024-08-18
Krug Brut Rosé Champagne 26eme Edition (gift boxed),2398,2,96,rose-wine,https://cellarmasterwines.com/cdn/shop/products/krug-champagne-rose-gift-box-pinot-noir-luxury-limited-edition-750-ml_533x.jpg?v=1658473424,2024-08-18
Krug Brut Rosé Champagne 27eme Edition,2298,2,96,rose-wine,https://cellarmasterwines.com/cdn/shop/files/krug_rose_191f07c9-1c34-41e8-b2f2-eafb954a05be_533x.jpg?v=1684826750,2024-08-18
Kylie Minogue Prosecco Rosé,128,35,94,rose-wine,https://cellarmasterwines.com/cdn/shop/files/KylieProseccoPreOrder_533x.jpg?v=1697444150,2024-08-18
Laurent Perrier Brut Rosé NV,598,999,94,rose-wine,https://cellarmasterwines.com/cdn/shop/products/LProse_533x.png?v=1642936351,2024-08-18
Louis Roederer Vintage Brut Rosé 2016,730,4,97,rose-wine,https://cellarmasterwines.com/cdn/shop/files/gf5NnzjVTU283WvkoMBU3A_pb_x600_2a38f132-b73d-4726-a05e-bd57091fd48d_533x.png?v=1705299524,2024-08-18
Mateus The Original Rosé,65,18,90,rose-wine,https://cellarmasterwines.com/cdn/shop/products/Screenshot2022-04-14at3.27.15PM_533x.png?v=1649921314,2024-08-18
Moet & Chandon Brut Rosé Imperial NV,448,999,92,rose-wine,https://cellarmasterwines.com/cdn/shop/products/Moet_Imperial_Brut_Rose_750ml_600x_600x_355db1e3-cef7-42c9-9eff-8b37d5112aea_533x.png?v=1637565338,2024-08-18
Moet Brut Rosé Imperial NV Gift Boxed,428,12,92,rose-wine,https://cellarmasterwines.com/cdn/shop/products/moetrosegiftboxed_533x.jpg?v=1641454509,2024-08-18
Nicolas Feuillatte Palmes d'Or Champagne Brut Rosé 2008,1878,3,98,rose-wine,https://cellarmasterwines.com/cdn/shop/products/nicolaspalmrose_533x.png?v=1597404105,2024-08-18
Nicolas Feuillatte Réserve Exclusive Rosé,399,6,94,rose-wine,https://cellarmasterwines.com/cdn/shop/products/Screenshot2023-04-24at4.32.18PM_533x.png?v=1682325286,2024-08-18
Nicolas Feuillatte Sakura Edition Réserve Exclusive Rosé,399,3,94,rose-wine,https://cellarmasterwines.com/cdn/shop/products/nickrose2_533x.jpg?v=1608271044,2024-08-18
Ruinart Rosé Champagne,598,9,94,rose-wine,https://cellarmasterwines.com/cdn/shop/products/rose_dom_533x.jpg?v=1504328564,2024-08-18
Ruinart Rosé Champagne NV (Second Skin),688,3,94,rose-wine,https://cellarmasterwines.com/cdn/shop/products/ruinart_rose_second_skin__11777.1619024753_533x.jpg?v=1633582780,2024-08-18
Veuve Clicquot Brut Rosé NV,399,2,93,rose-wine,https://cellarmasterwines.com/cdn/shop/products/veuverose_533x.jpg?v=1637565096,2024-08-18
Veuve Clicquot Brut Rosé NV - gift boxed,488,1,93,rose-wine,https://cellarmasterwines.com/cdn/shop/files/9F1E5A6B-593F-49A1-A4FA-A3AFAB984C84_533x.jpg?v=1715234852,2024-08-18
Whispering Angel Provence Rosé 2022,158,7,93,rose-wine,https://cellarmasterwines.com/cdn/shop/files/cha_teau_d_esclans_whispering_angel_rose_wine_db9e8163-4c3c-45fa-8e6b-225128865cba_533x.jpg?v=1692240229,2024-08-18
